Card_id,Bname,Address,Phone,Ssn
ID000001,Mark Morgan,"5677 Coolidge Street, Plano, TX",(469) 904-1438,850473740
ID000002,Eric Warren,"9062 Schurz Drive, Dallas, TX",(214) 701-8127,256954382
ID000003,Robert Harper,"7786 Sachs Place, Plano, TX",(214) 875-5911,256515268
ID000004,Donna Franklin,"3 Magdeline Terrace, Plano, TX",(214) 800-6127,976952914
ID000005,Linda King,"41260 Kedzie Terrace, Dallas, TX",(469) 213-2549,906633588
ID000006,Judy Holmes,"6583 Manitowish Hill, Dallas, TX",(972) 898-5909,206267141
ID000007,Deborah Lawrence,"2 Hermina Trail, Dallas, TX",(972) 900-2951,898613567
ID000008,Adam Johnston,"05671 Norway Maple Court, Dallas, TX",(469) 743-0176,644250492
ID000009,Pamela Carr,"1848 Fordem Avenue, Richardson, TX",(972) 247-9852,678124697
ID000010,Daniel Fisher,"400 Cody Lane, Plano, TX",(214) 891-7743,562337951
ID000011,Stephen Fields,"99 Fair Oaks Drive, Plano, TX",(214) 801-3069,441907753
ID000012,Walter Ferguson,"814 Sutteridge Point, Dallas, TX",(469) 945-8172,305533736
ID000013,Paul Cook,"58295 Pierstorff Pass, Richardson, TX",(469) 932-0168,634616311
ID000014,Roy Smith,"563 Fairview Park, Dallas, TX",(214) 911-4724,661246360
ID000015,Michelle Gardner,"28309 Paget Court, Plano, TX",(469) 974-2681,350838412
ID000016,George Powell,"31 Clove Crossing, Dallas, TX",(972) 885-7291,439755475
ID000017,Nicholas Hudson,"29 Esker Trail, Dallas, TX",(469) 698-4000,431615822
ID000018,Linda Henderson,"117 Katie Center, Dallas, TX",(469) 997-0832,879827179
ID000019,Gregory Fowler,"42454 Hermina Plaza, Dallas, TX",(214) 936-8301,484961826
ID000020,Carol Sanders,"99600 Moland Way, Dallas, TX",(214) 762-1061,562527080
ID000021,Mark Hamilton,"76425 Dixon Hill, Dallas, TX",(972) 802-7903,876615170
ID000022,Anthony Brown,"8691 Walton Terrace, Dallas, TX",(972) 947-3376,139711123
ID000023,James Rivera,"4 Golden Leaf Trail, Dallas, TX",(214) 761-8129,239166210
ID000024,Tammy Cole,"22 Atwood Parkway, Dallas, TX",(469) 292-1882,283067717
ID000025,Donald Bowman,"196 Golf View Terrace, Dallas, TX",(214) 956-6083,371609878
ID000026,Susan Gomez,"601 Warbler Point, Richardson, TX",(972) 877-1341,438787652
ID000027,Juan Martin,"846 Johnson Circle, Dallas, TX",(214) 828-5694,893371519
ID000028,Samuel Bailey,"1367 Northport Drive, Dallas, TX",(972) 972-2250,434925388
ID000029,Paul White,"24775 Melvin Place, Dallas, TX",(469) 459-4087,444509807
ID000030,Gregory Clark,"259 Porter Avenue, Dallas, TX",(972) 979-5771,557410386
ID000031,Steven Wood,"852 Darwin Alley, Dallas, TX",(214) 984-2801,123991439
ID000032,Jessica Fuller,"975 Carpenter Parkway, Dallas, TX",(972) 956-5055,507262481
ID000033,Donna Greene,"86 Delladonna Lane, Dallas, TX",(469) 969-6535,258335117
ID000034,Edward Ford,"34 Fulton Circle, Dallas, TX",(214) 869-1555,876944518
ID000035,Steve Torres,"781 Loeprich Alley, Dallas, TX",(469) 964-7789,153208011
ID000036,Alice Rivera,"79 Dayton Center, Dallas, TX",(214) 841-3416,881793670
ID000037,Jessica Freeman,"27997 Loftsgordon Lane, Dallas, TX",(214) 835-4205,878615560
ID000038,Kenneth Harrison,"25074 Holmberg Park, Richardson, TX",(972) 774-1504,728844113
ID000039,Betty Austin,"4 Schmedeman Terrace, Dallas, TX",(972) 927-7561,792174540
ID000040,Irene Gonzalez,"820 Oxford Crossing, Dallas, TX",(214) 865-5203,433053698
ID000041,Charles Foster,"850 Summerview Crossing, Dallas, TX",(469) 910-6688,132213747
ID000042,Gregory Perez,"57 Bluejay Pass, Dallas, TX",(972) 433-8549,457939804
ID000043,Jose Stone,"93 Waywood Parkway, Dallas, TX",(972) 991-8017,906161095
ID000044,Patrick Moore,"78 Crest Line Road, Dallas, TX",(214) 950-2446,882366316
ID000045,Louis Lynch,"12197 Kinsman Center, Dallas, TX",(469) 820-4208,728963473
ID000046,Matthew Snyder,"169 Mayfield Park, Richardson, TX",(469) 855-5018,377441238
ID000047,Sara Wagner,"24827 Twin Pines Junction, Richardson, TX",(469) 914-5869,582627069
ID000048,Louise Long,"6 Haas Center, Dallas, TX",(214) 939-0517,577822947
ID000049,Judy Hamilton,"65364 Mosinee Center, Dallas, TX",(972) 847-2849,216536968
ID000050,Evelyn Young,"4788 South Street, Dallas, TX",(214) 864-9776,202403427
ID000051,James Moore,"9089 Lunder Parkway, Dallas, TX",(469) 830-4056,897568517
ID000052,Clarence Romero,"68501 Michigan Street, Plano, TX",(972) 982-1803,923847867
ID000053,Jennifer Smith,"3 Cordelia Terrace, Dallas, TX",(469) 963-5598,539630143
ID000054,Jack Baker,"01441 Eastlawn Place, Dallas, TX",(972) 909-1277,636251591
ID000055,Amy Nguyen,"79 Rigney Circle, Dallas, TX",(214) 905-2261,622935915
ID000056,Maria Stevens,"5348 David Point, Plano, TX",(972) 992-5831,823008890
ID000057,Teresa Carpenter,"6280 Spenser Lane, Dallas, TX",(972) 908-2593,534077079
ID000058,Roy Arnold,"7548 Dunning Junction, Richardson, TX",(214) 990-9053,203688563
ID000059,Randy Stewart,"5004 Emmet Park, Dallas, TX",(469) 422-2991,457751314
ID000060,Brenda Fernandez,"335 Forster Alley, Dallas, TX",(214) 920-6944,524730400
ID000061,Janet Thompson,"1 Chinook Place, Plano, TX",(972) 986-8081,344668375
ID000062,Billy Ortiz,"4 Hintze Court, Dallas, TX",(469) 808-1346,716553314
ID000063,Edward Hawkins,"96231 Northland Plaza, Dallas, TX",(972) 798-3752,869295873
ID000064,Mark Morgan,"5 Miller Lane, Dallas, TX",(469) 784-6546,218816261
ID000065,Carolyn Morgan,"975 Golf View Place, Dallas, TX",(469) 674-8726,913501956
ID000066,Tina Weaver,"5414 Green Ridge Street, Dallas, TX",(469) 840-0879,749408693
ID000067,Eric Taylor,"6 Fisk Pass, Dallas, TX",(214) 714-7652,992926136
ID000068,Ruth Henry,"84 Hermina Street, Dallas, TX",(972) 934-2054,378071662
ID000069,Phillip Perkins,"84771 Bartelt Trail, Dallas, TX",(214) 917-4226,388449990
ID000070,Annie Welch,"80 Stuart Road, Dallas, TX",(972) 516-1320,288230361
ID000071,Lois Hunter,"49 Blaine Lane, Plano, TX",(972) 809-1141,509441761
ID000072,Lisa Cook,"4412 Lakewood Gardens Plaza, Richardson, TX",(972) 653-9871,704795907
ID000073,Kathleen Harvey,"13 Grayhawk Hill, Dallas, TX",(469) 547-7753,948308402
ID000074,Diane Stevens,"0091 American Circle, Dallas, TX",(469) 942-1364,651576305
ID000075,Samuel Young,"0157 Holmberg Street, Richardson, TX",(469) 918-5729,908632676
ID000076,Mark Riley,"4900 Thompson Court, Dallas, TX",(972) 767-2036,727253782
ID000077,Bonnie Ross,"0 Walton Court, Richardson, TX",(972) 766-6908,775325935
ID000078,Elizabeth Arnold,"952 Sage Pass, Dallas, TX",(214) 967-2424,402350549
ID000079,John Walker,"2 Packers Crossing, Dallas, TX",(469) 796-5094,270866950
ID000080,William Simmons,"1232 Hayes Crossing, Dallas, TX",(972) 903-7706,982119636
ID000081,Lisa Kelley,"3718 Twin Pines Way, Dallas, TX",(972) 900-0487,757385276
ID000082,Carl Larson,"096 Goodland Parkway, Dallas, TX",(469) 550-2228,980242372
ID000083,Brandon Anderson,"8 Leroy Circle, Dallas, TX",(469) 993-9270,444734007
ID000084,Gloria Myers,"03 Elmside Center, Plano, TX",(469) 853-3967,278334174
ID000085,Daniel Freeman,"9584 Elka Place, Dallas, TX",(972) 769-9270,772259640
ID000086,Judith Mitchell,"2506 Merchant Terrace, Dallas, TX",(972) 902-9669,232984647
ID000087,Alan King,"958 Burrows Street, Dallas, TX",(214) 583-5636,937385159
ID000088,Steve Phillips,"45557 Jana Court, Dallas, TX",(972) 937-9620,327803166
ID000089,Brenda Butler,"5 Calypso Avenue, Dallas, TX",(972) 892-6177,405927423
ID000090,Patricia Spencer,"65143 Union Lane, Dallas, TX",(214) 909-9264,133378900
ID000091,Larry Olson,"50299 Lien Parkway, Dallas, TX",(972) 965-7073,227646193
ID000092,Victor Sullivan,"272 Milwaukee Point, Plano, TX",(972) 759-4852,272416460
ID000093,Kathryn Taylor,"2952 Thackeray Point, Dallas, TX",(214) 862-0958,318950284
ID000094,Rachel Little,"755 Kropf Pass, Dallas, TX",(972) 797-7226,729228562
ID000095,Donald Richardson,"951 Chive Avenue, Dallas, TX",(972) 934-6450,783549793
ID000096,Stephen Chapman,"0 Lunder Alley, Dallas, TX",(214) 987-1376,131525777
ID000097,Harold Richardson,"76743 Burrows Court, Dallas, TX",(469) 899-1924,335185473
ID000098,Ernest Palmer,"6 Upham Drive, Dallas, TX",(972) 942-2638,933152171
ID000099,Pamela Matthews,"2 Green Lane, Dallas, TX",(214) 944-0666,595383883
ID000100,Jason Campbell,"6 Raven Court, Dallas, TX",(972) 811-4885,808447643
ID000101,Joyce Fuller,"45900 Iowa Way, Dallas, TX",(469) 906-3524,924160243
ID000102,Andrea Bailey,"33 Cardinal Alley, Richardson, TX",(972) 846-5566,348539608
ID000103,Denise Perry,"68 Old Shore Lane, Dallas, TX",(214) 991-3418,379160722
ID000104,Michael Jacobs,"0 Brentwood Place, Richardson, TX",(469) 924-9727,997924787
ID000105,Catherine Reid,"41544 Anniversary Crossing, Plano, TX",(214) 948-8236,664955489
ID000106,Aaron Romero,"844 Union Way, Dallas, TX",(972) 535-5154,424122851
ID000107,John Warren,"9127 Farragut Center, Dallas, TX",(469) 923-5725,295193279
ID000108,Steve Garrett,"729 Kenwood Court, Richardson, TX",(214) 703-1311,806922733
ID000109,Jimmy Ellis,"8 Nevada Place, Dallas, TX",(972) 742-8738,466926624
ID000110,Jose Perez,"4463 Commercial Circle, Richardson, TX",(469) 852-3133,454648101
ID000111,Katherine Dean,"4978 Cordelia Way, Dallas, TX",(972) 886-7232,909186864
ID000112,Ashley Jackson,"676 David Road, Dallas, TX",(469) 976-0450,203549198
ID000113,Kathryn Hart,"29 Dexter Circle, Dallas, TX",(972) 900-3590,177458737
ID000114,Dennis Ruiz,"18784 Browning Circle, Dallas, TX",(972) 974-1505,279966074
ID000115,Sharon Cox,"4 Hoffman Street, Dallas, TX",(214) 915-0820,561913511
ID000116,Ruby Burke,"5 Swallow Avenue, Dallas, TX",(972) 928-8965,325124236
ID000117,Jerry Stewart,"54494 Kenwood Trail, Dallas, TX",(469) 817-5662,537250563
ID000118,Howard Fisher,"2 Reinke Lane, Plano, TX",(972) 325-6683,508365238
ID000119,Eric Phillips,"578 Westend Pass, Dallas, TX",(972) 893-0831,663897131
ID000120,Albert Cruz,"04 Shopko Way, Dallas, TX",(972) 471-4420,582890521
ID000121,Timothy Harrison,"04099 Anhalt Place, Dallas, TX",(214) 849-7879,112244907
ID000122,Ronald Phillips,"4632 Brentwood Hill, Dallas, TX",(469) 945-4638,593248597
ID000123,Antonio Bishop,"212 Memorial Lane, Richardson, TX",(469) 835-8047,152069743
ID000124,Howard Green,"9 Florence Trail, Dallas, TX",(214) 875-8195,917730651
ID000125,Willie Murphy,"09 Loeprich Parkway, Richardson, TX",(214) 954-5495,550664068
ID000126,Christine Washington,"95086 Eliot Alley, Dallas, TX",(469) 844-5383,151320622
ID000127,Angela Ellis,"61 Chinook Avenue, Dallas, TX",(469) 912-7557,363529311
ID000128,Kathy Wagner,"1 Columbus Crossing, Plano, TX",(214) 958-2980,498979543
ID000129,Antonio Carr,"6996 Arizona Avenue, Dallas, TX",(469) 724-0803,109593700
ID000130,Samuel Ellis,"69968 Meadow Ridge Alley, Dallas, TX",(469) 957-8249,919117074
ID000131,Bruce Williamson,"51 Maywood Place, Richardson, TX",(214) 969-6651,532193189
ID000132,Ruby Mcdonald,"031 Ohio Lane, Dallas, TX",(214) 970-5621,186612257
ID000133,Jack Larson,"43086 Dexter Way, Dallas, TX",(469) 913-6292,758820981
ID000134,Tammy Hunter,"08 Marquette Pass, Dallas, TX",(214) 919-0495,789850156
ID000135,Mildred Richards,"6863 Warbler Crossing, Dallas, TX",(469) 636-7310,144612857
ID000136,Janet Dixon,"1 Ridgeway Terrace, Dallas, TX",(972) 381-9665,812344775
ID000137,Antonio Hamilton,"2545 Lerdahl Center, Dallas, TX",(214) 886-6681,605135959
ID000138,Louise Jordan,"7326 Reindahl Point, Dallas, TX",(972) 518-9421,873831740
ID000139,Linda Hunt,"710 Lighthouse Bay Point, Dallas, TX",(972) 754-7045,992254077
ID000140,Joan Webb,"90 Bashford Avenue, Dallas, TX",(469) 955-0632,222460064
ID000141,Kevin Frazier,"47 Bluejay Hill, Dallas, TX",(972) 965-3683,135711523
ID000142,Todd Schmidt,"4 Lakeland Pass, Dallas, TX",(214) 903-6828,490888407
ID000143,Andrea Sims,"898 Killdeer Pass, Dallas, TX",(469) 988-0761,797954607
ID000144,Barbara Brooks,"305 Mendota Plaza, Dallas, TX",(469) 958-8251,959243477
ID000145,Kenneth Anderson,"246 Shopko Drive, Richardson, TX",(972) 998-5406,600790040
ID000146,Jessica Knight,"36 Forest Park, Richardson, TX",(469) 961-0488,704596830
ID000147,Dorothy Adams,"2483 Melody Plaza, Richardson, TX",(972) 881-8472,542879344
ID000148,Phillip Adams,"4 Derek Point, Dallas, TX",(972) 918-0335,634808812
ID000149,James Carpenter,"6668 Ilene Court, Dallas, TX",(214) 820-8276,599726050
ID000150,Amy Lopez,"715 Westend Avenue, Dallas, TX",(469) 830-1019,751570699
ID000151,Frank Gomez,"61280 Mallory Parkway, Plano, TX",(214) 962-2973,570719526
ID000152,Debra Rogers,"4 Southridge Place, Richardson, TX",(469) 753-7894,585658864
ID000153,Aaron Chapman,"840 Messerschmidt Plaza, Dallas, TX",(972) 753-3651,784423645
ID000154,Jerry Cruz,"48314 Muir Crossing, Dallas, TX",(214) 973-8302,327002811
ID000155,Gerald Mccoy,"71113 Corry Circle, Plano, TX",(469) 758-3820,209645805
ID000156,Matthew Ward,"3726 Oneill Terrace, Plano, TX",(972) 668-2488,352525321
ID000157,Marilyn Andrews,"61664 Warrior Street, Dallas, TX",(972) 831-4215,312336562
ID000158,Lawrence Coleman,"0 Scoville Plaza, Plano, TX",(469) 987-3187,585358539
ID000159,Sarah Burton,"65230 Prairie Rose Point, Plano, TX",(972) 736-0106,766726736
ID000160,Gerald White,"82 Delaware Plaza, Plano, TX",(214) 774-5757,519221664
ID000161,Shawn Robertson,"9 Troy Alley, Dallas, TX",(214) 943-9366,811232706
ID000162,Samuel Arnold,"1748 Monterey Road, Dallas, TX",(469) 741-5231,983171073
ID000163,Ruby Mcdonald,"00621 Killdeer Crossing, Dallas, TX",(469) 941-5043,153095087
ID000164,Lillian Kim,"47585 Nova Drive, Dallas, TX",(214) 740-2312,208162580
ID000165,Pamela Bradley,"2 Lakewood Gardens Place, Richardson, TX",(469) 871-3326,604544201
ID000166,Ralph Chavez,"15739 Vera Plaza, Dallas, TX",(214) 598-5319,764512571
ID000167,Martin Richards,"8 New Castle Trail, Dallas, TX",(469) 976-0263,102721991
ID000168,Chris Simmons,"46833 Farmco Junction, Dallas, TX",(469) 810-0333,743821324
ID000169,Martin Stevens,"573 Oneill Hill, Dallas, TX",(469) 570-2393,915276165
ID000170,Lisa West,"55586 Ronald Regan Lane, Dallas, TX",(972) 998-4345,615688488
ID000171,Daniel Marshall,"3 Manitowish Crossing, Dallas, TX",(469) 730-4725,538661965
ID000172,John Hicks,"81 Northfield Place, Richardson, TX",(972) 727-1591,981953778
ID000173,Roger Harrison,"9 Meadow Vale Drive, Dallas, TX",(469) 941-5954,802736786
ID000174,Teresa Thompson,"06364 Gerald Street, Dallas, TX",(972) 670-1547,777087277
ID000175,Arthur Freeman,"51652 Russell Street, Dallas, TX",(469) 994-4509,445902407
ID000176,Howard Simpson,"95 Redwing Lane, Dallas, TX",(972) 910-0392,909023006
ID000177,Christopher Spencer,"6 Northfield Crossing, Dallas, TX",(214) 821-9650,790101835
ID000178,Theresa Wood,"0420 Westport Circle, Dallas, TX",(469) 994-1901,847641856
ID000179,Lillian Wright,"82972 Raven Road, Dallas, TX",(972) 960-5502,930978594
ID000180,Sara Rogers,"7 Twin Pines Circle, Dallas, TX",(214) 984-5323,823594050
ID000181,Linda Richards,"046 Harper Center, Dallas, TX",(214) 998-2489,831372302
ID000182,Albert Cunningham,"414 Summer Ridge Trail, Richardson, TX",(972) 716-3924,139708042
ID000183,Debra Holmes,"22 Bluejay Road, Plano, TX",(972) 954-8773,611169228
ID000184,Jason Davis,"82931 Cardinal Junction, Dallas, TX",(214) 969-9787,248335177
ID000185,Justin Fowler,"1958 Leroy Way, Dallas, TX",(972) 915-2410,399388513
ID000186,Catherine Harris,"4091 Doe Crossing Alley, Plano, TX",(469) 968-7984,515584650
ID000187,Gary Reyes,"06 Shelley Parkway, Dallas, TX",(972) 985-2014,911946409
ID000188,Clarence Harvey,"637 Blackbird Crossing, Dallas, TX",(972) 735-8046,952372293
ID000189,Kathleen Lynch,"0 Northview Center, Dallas, TX",(469) 858-9821,866263470
ID000190,Angela Myers,"07 Jenifer Point, Plano, TX",(214) 996-3258,696871283
ID000191,Paula Roberts,"2025 Annamark Court, Richardson, TX",(214) 919-1512,525300056
ID000192,Marie Hudson,"35523 Fulton Point, Richardson, TX",(972) 955-0047,455251300
ID000193,Victor George,"16 Butterfield Place, Plano, TX",(469) 982-0024,300833012
ID000194,Judith Lane,"59463 Havey Center, Dallas, TX",(469) 962-1701,568537223
ID000195,Steven Carpenter,"64 Rutledge Court, Richardson, TX",(972) 759-2760,219131583
ID000196,Beverly Welch,"0 7th Point, Richardson, TX",(214) 758-2027,628419882
ID000197,Chris Cox,"386 Coleman Avenue, Richardson, TX",(214) 902-1149,553830248
ID000198,Heather Duncan,"3 Acker Avenue, Richardson, TX",(972) 906-2444,664423811
ID000199,Helen Cooper,"90887 Ohio Trail, Dallas, TX",(214) 723-9307,932052280
ID000200,Linda Dixon,"0506 Boyd Plaza, Richardson, TX",(214) 940-0096,359156568
ID000201,Eric Wood,"730 Bonner Hill, Dallas, TX",(972) 959-7132,377036374
ID000202,Brenda Brooks,"4 Pennsylvania Hill, Dallas, TX",(972) 960-5440,956775994
ID000203,Fred Crawford,"00 Mariners Cove Terrace, Dallas, TX",(972) 978-1543,262729956
ID000204,Alan Morris,"2238 Debra Center, Dallas, TX",(469) 701-3591,935261044
ID000205,Jimmy Watkins,"91873 Colorado Crossing, Dallas, TX",(469) 933-3579,575573479
ID000206,Keith Fisher,"2 Muir Crossing, Richardson, TX",(972) 999-1883,534352839
ID000207,Rose Oliver,"3152 Thackeray Point, Dallas, TX",(214) 971-9384,487483434
ID000208,Johnny Vasquez,"809 Grover Circle, Dallas, TX",(972) 843-5554,282195051
ID000209,Judith Dunn,"337 Northview Point, Dallas, TX",(972) 999-1156,198526239
ID000210,Roger Freeman,"13 Farmco Way, Dallas, TX",(469) 854-9842,165453343
ID000211,Richard Bailey,"3108 Browning Park, Richardson, TX",(214) 718-0392,983870005
ID000212,Ernest Palmer,"66600 Pleasure Drive, Dallas, TX",(214) 238-1120,387201613
ID000213,Janice Long,"26577 Laurel Road, Dallas, TX",(214) 972-0889,440220860
ID000214,Thomas Schmidt,"0 New Castle Crossing, Plano, TX",(469) 745-9014,589602564
ID000215,Kathryn Hayes,"18504 Basil Hill, Dallas, TX",(469) 831-7793,564077138
ID000216,Chris Perkins,"14865 John Wall Center, Plano, TX",(972) 957-3368,106588800
ID000217,Thomas Scott,"449 Schurz Parkway, Dallas, TX",(469) 914-5396,664128122
ID000218,Judy Richards,"9420 Main Hill, Dallas, TX",(469) 871-8324,394694479
ID000219,Janice Garrett,"2998 Chive Place, Dallas, TX",(214) 809-6943,977891063
ID000220,Raymond Peterson,"892 Fairfield Point, Richardson, TX",(469) 947-5199,720120662
ID000221,Marilyn Williams,"0 John Wall Circle, Dallas, TX",(214) 992-8183,344038015
ID000222,Teresa Reid,"9224 Manufacturers Terrace, Dallas, TX",(972) 457-6436,166809145
ID000223,Irene Medina,"51 Southridge Pass, Dallas, TX",(972) 994-3852,628544529
ID000224,Linda Carpenter,"43 Dovetail Road, Dallas, TX",(972) 866-8440,763925219
ID000225,Jonathan Harrison,"113 Havey Crossing, Plano, TX",(469) 900-2769,468306717
ID000226,Laura Graham,"72346 Emmet Place, Dallas, TX",(469) 892-4249,716635871
ID000227,Sharon Pierce,"9 Clove Trail, Dallas, TX",(972) 930-5410,462648746
ID000228,Katherine Boyd,"90 Park Meadow Junction, Dallas, TX",(214) 652-5153,890274530
ID000229,Brian Perkins,"5988 Havey Street, Dallas, TX",(972) 973-2502,875977822
ID000230,Eric Cooper,"7 Granby Road, Dallas, TX",(972) 970-2642,867848327
ID000231,Randy Stanley,"94552 Linden Court, Dallas, TX",(972) 815-8835,907941254
ID000232,Pamela Gutierrez,"50236 Goodland Lane, Plano, TX",(972) 968-2569,319592633
ID000233,Keith Perkins,"9543 Farragut Road, Richardson, TX",(214) 804-0599,145928000
ID000234,Scott Spencer,"5 Lukken Junction, Dallas, TX",(214) 701-4621,361703782
ID000235,Todd Bryant,"418 Onsgard Hill, Dallas, TX",(214) 980-7359,992964866
ID000236,Jose Anderson,"2705 Ohio Junction, Dallas, TX",(214) 530-2752,916548159
ID000237,Amanda Davis,"1636 Norway Maple Place, Plano, TX",(469) 913-5733,133834824
ID000238,Richard Cruz,"69 Marquette Park, Richardson, TX",(469) 902-7741,712128661
ID000239,Sara Walker,"18924 3rd Circle, Dallas, TX",(972) 932-7544,325772883
ID000240,Gloria Sanders,"36961 Green Ridge Place, Dallas, TX",(214) 937-3306,974709717
ID000241,Jonathan Harris,"286 Merry Way, Dallas, TX",(469) 873-4473,584043187
ID000242,Juan Fields,"291 Marquette Parkway, Richardson, TX",(972) 916-7303,152313951
ID000243,Wanda Mills,"79024 Surrey Way, Dallas, TX",(469) 920-6298,950883244
ID000244,Karen Davis,"83 Holy Cross Drive, Dallas, TX",(972) 890-5755,315120643
ID000245,Scott Montgomery,"96247 Oriole Circle, Dallas, TX",(972) 929-5312,328212988
ID000246,Michael Stevens,"356 Shoshone Drive, Dallas, TX",(469) 803-5017,752038294
ID000247,Andrea Baker,"90 Heath Drive, Dallas, TX",(469) 930-1109,223105941
ID000248,Marilyn Alexander,"443 Dottie Circle, Dallas, TX",(972) 406-2617,383362902
ID000249,Harry Alvarez,"636 Express Way, Dallas, TX",(214) 954-5716,556967003
ID000250,Rose Peterson,"034 Shelley Drive, Dallas, TX",(972) 861-4171,760251865
ID000251,Barbara Garcia,"5690 Acker Road, Dallas, TX",(469) 517-8843,196060978
ID000252,Ann Berry,"37940 Morning Hill, Dallas, TX",(972) 918-7984,140562974
ID000253,Paul Turner,"75287 Pleasure Place, Dallas, TX",(972) 782-6768,493924232
ID000254,Theresa Day,"9 American Ash Crossing, Dallas, TX",(972) 909-4722,353189662
ID000255,Andrew Gilbert,"8 American Parkway, Dallas, TX",(972) 834-2804,926428995
ID000256,Alice Turner,"4 Namekagon Lane, Dallas, TX",(214) 660-6741,741117814
ID000257,Julie Smith,"61345 Namekagon Place, Dallas, TX",(469) 861-2346,700238477
ID000258,Alice Carr,"7564 Ohio Plaza, Dallas, TX",(214) 549-1687,390308158
ID000259,Harry Baker,"7 Straubel Center, Plano, TX",(469) 590-5412,941057192
ID000260,Donna Cooper,"1629 Summer Ridge Plaza, Dallas, TX",(469) 957-3027,949376371
ID000261,Laura Rogers,"7776 Summer Ridge Court, Dallas, TX",(972) 730-7675,947047262
ID000262,Jessica Hicks,"17138 Ryan Circle, Dallas, TX",(469) 815-6162,443615562
ID000263,George Turner,"4 Quincy Pass, Richardson, TX",(214) 958-2175,428097397
ID000264,Joan Watkins,"9601 Lerdahl Pass, Plano, TX",(214) 814-9170,354538826
ID000265,Andrea Gonzalez,"127 Russell Hill, Dallas, TX",(972) 809-5959,757213141
ID000266,Billy Little,"46 Autumn Leaf Junction, Dallas, TX",(972) 986-6001,924179942
ID000267,Teresa Marshall,"2 Sheridan Trail, Dallas, TX",(469) 884-2394,778686617
ID000268,Benjamin Lynch,"53 Tennyson Park, Dallas, TX",(469) 877-9851,431200144
ID000269,Nancy Dixon,"4 Dwight Street, Dallas, TX",(972) 770-3641,851350300
ID000270,Jean Dunn,"4 North Street, Dallas, TX",(469) 995-6149,583406101
ID000271,Anthony Gardner,"9823 Donald Terrace, Dallas, TX",(972) 432-3180,125985061
ID000272,Benjamin Morrison,"21 Oriole Terrace, Dallas, TX",(214) 409-6322,750841386
ID000273,Anne Dixon,"9579 Browning Crossing, Dallas, TX",(972) 907-6080,319093742
ID000274,Denise Wallace,"6021 Portage Park, Dallas, TX",(972) 940-4355,585900674
ID000275,Linda Owens,"13 Monterey Alley, Richardson, TX",(214) 836-3577,416383510
ID000276,Larry Warren,"2657 Mitchell Hill, Plano, TX",(972) 938-7212,614685656
ID000277,Edward Hunt,"6 Claremont Avenue, Dallas, TX",(972) 763-1900,984488111
ID000278,Harry Mcdonald,"22283 Farragut Place, Plano, TX",(214) 873-3156,446204077
ID000279,Lawrence Wells,"841 Delaware Place, Dallas, TX",(214) 976-7034,154671759
ID000280,Martin Fuller,"53309 Buhler Place, Dallas, TX",(469) 667-3361,218701729
ID000281,Roger Ellis,"74213 Charing Cross Circle, Dallas, TX",(972) 976-7863,685992971
ID000282,Patrick Moreno,"490 Rockefeller Lane, Dallas, TX",(972) 955-5269,551990871
ID000283,Andrew Cole,"30 Sunfield Pass, Plano, TX",(214) 879-7342,156646797
ID000284,Joan Hudson,"4 Everett Court, Dallas, TX",(214) 954-1417,704857803
ID000285,Chris Powell,"4 Jenifer Circle, Dallas, TX",(469) 726-7925,491796292
ID000286,Anna Perez,"1241 Graceland Court, Dallas, TX",(469) 996-2325,164908064
ID000287,Debra Gray,"251 Monterey Hill, Dallas, TX",(469) 973-4499,857940950
ID000288,Annie Shaw,"561 Cody Crossing, Plano, TX",(214) 764-1587,581462753
ID000289,Shawn Martinez,"19 Lunder Park, Dallas, TX",(469) 986-4161,300468310
ID000290,Mary Graham,"701 Cordelia Court, Dallas, TX",(214) 687-0840,691971438
ID000291,Janet West,"2308 Division Center, Dallas, TX",(214) 978-0541,239904011
ID000292,Aaron Arnold,"5886 Banding Trail, Dallas, TX",(214) 955-5863,702604201
ID000293,Justin Brown,"611 Green Plaza, Plano, TX",(214) 901-6023,253170796
ID000294,George Torres,"64206 Calypso Hill, Dallas, TX",(972) 925-4199,547069057
ID000295,Brian Romero,"4418 Green Ridge Terrace, Dallas, TX",(469) 825-9159,722289325
ID000296,Lawrence Morris,"42 Magdeline Pass, Dallas, TX",(214) 942-2979,488011020
ID000297,Patrick Garcia,"1 Nevada Parkway, Dallas, TX",(469) 827-6118,947939771
ID000298,Ashley Moreno,"067 Morning Park, Dallas, TX",(469) 869-6226,708326866
ID000299,Aaron Ellis,"1925 Grasskamp Alley, Dallas, TX",(469) 937-9272,421790842
ID000300,Jimmy James,"3 Knutson Way, Dallas, TX",(972) 930-8175,554283296
ID000301,Maria Torres,"56168 Arizona Drive, Dallas, TX",(214) 931-8328,271284504
ID000302,Chris Owens,"6 Browning Park, Dallas, TX",(972) 701-4889,453784845
ID000303,Elizabeth Harvey,"1995 Nelson Park, Dallas, TX",(972) 992-9375,556279759
ID000304,Jane Baker,"0062 Sunbrook Junction, Dallas, TX",(469) 754-6653,212619406
ID000305,Lisa Kelley,"272 Larry Drive, Dallas, TX",(469) 930-6637,142068429
ID000306,Jonathan Diaz,"18283 Brown Center, Dallas, TX",(469) 940-2479,205626313
ID000307,Mildred Allen,"5734 La Follette Point, Dallas, TX",(469) 946-2268,592939926
ID000308,Linda Rogers,"0590 Northport Drive, Dallas, TX",(972) 947-1564,714971208
ID000309,Gary Garrett,"5285 2nd Court, Dallas, TX",(469) 939-2476,949181878
ID000310,Earl Hall,"7755 Park Meadow Way, Dallas, TX",(214) 882-0672,454365067
ID000311,Benjamin Bailey,"72101 Elmside Parkway, Dallas, TX",(214) 896-3364,586204125
ID000312,Angela Graham,"5 High Crossing Crossing, Richardson, TX",(972) 878-1468,853104620
ID000313,Dennis Hunter,"7 2nd Place, Plano, TX",(469) 967-8745,132687899
ID000314,Matthew Stevens,"9603 Hansons Way, Dallas, TX",(469) 861-3808,618212736
ID000315,Annie Freeman,"7466 Gulseth Alley, Dallas, TX",(972) 921-0146,852750048
ID000316,Richard Lawson,"792 Dottie Circle, Dallas, TX",(214) 545-9387,652374979
ID000317,Susan Allen,"6 Morrow Alley, Dallas, TX",(214) 748-0451,953353551
ID000318,Rose Coleman,"26094 Loomis Alley, Dallas, TX",(469) 819-2212,269554900
ID000319,Kathy Elliott,"28 Boyd Pass, Dallas, TX",(469) 996-0439,398575624
ID000320,Teresa Brooks,"57699 Oak Circle, Richardson, TX",(972) 731-4160,769136801
ID000321,Julie Lane,"8261 Magdeline Road, Dallas, TX",(214) 930-8339,781652211
ID000322,Jessica Day,"80 Cascade Junction, Dallas, TX",(214) 947-1788,880145596
ID000323,Billy Cruz,"75 Mosinee Court, Dallas, TX",(214) 797-5929,472473959
ID000324,Martha Mccoy,"74 Claremont Park, Dallas, TX",(214) 915-1572,628104874
ID000325,Frances Long,"0 Schlimgen Alley, Dallas, TX",(214) 951-4800,799418699
ID000326,Carolyn Duncan,"1 Merry Place, Dallas, TX",(214) 279-8556,826574791
ID000327,Ryan Mendoza,"9 Myrtle Way, Dallas, TX",(214) 867-1887,497334483
ID000328,Jerry Oliver,"0 Vera Alley, Dallas, TX",(469) 734-8276,733614241
ID000329,Juan Smith,"3 Dixon Parkway, Dallas, TX",(214) 909-9366,669726189
ID000330,Marilyn White,"769 Mayfield Center, Dallas, TX",(972) 933-0968,867234679
ID000331,Anne Moreno,"60 Raven Pass, Dallas, TX",(214) 886-0662,410608961
ID000332,Ruby Greene,"328 Fallview Center, Richardson, TX",(214) 872-7995,381839299
ID000333,Shawn Rivera,"8 American Hill, Dallas, TX",(972) 528-2505,186538147
ID000334,Tina Hamilton,"24695 Di Loreto Crossing, Dallas, TX",(972) 755-6424,100082010
ID000335,Benjamin Graham,"08 New Castle Avenue, Dallas, TX",(214) 983-4311,166295051
ID000336,Doris Bailey,"5773 Eastlawn Center, Dallas, TX",(469) 801-1479,869236916
ID000337,Jason Washington,"3225 Vera Lane, Richardson, TX",(972) 931-0247,242209101
ID000338,Evelyn Wilson,"9873 Kim Center, Richardson, TX",(469) 901-5209,456040469
ID000339,Steve Cunningham,"5615 Mcbride Park, Dallas, TX",(214) 883-3172,812937575
ID000340,Henry Howard,"9 Lakewood Avenue, Dallas, TX",(214) 848-6192,696314035
ID000341,Timothy Crawford,"39384 Tony Terrace, Dallas, TX",(972) 729-2932,399880576
ID000342,Todd Rose,"8 Mosinee Plaza, Plano, TX",(469) 893-2893,342525404
ID000343,Mary Nelson,"8 Colorado Avenue, Dallas, TX",(214) 241-4452,699259472
ID000344,Jason Watkins,"74155 Welch Terrace, Dallas, TX",(972) 915-1343,188143830
ID000345,Kathy Cole,"8600 Anniversary Pass, Dallas, TX",(214) 993-7915,562735031
ID000346,Albert Reyes,"43 Transport Pass, Dallas, TX",(469) 808-4965,633542851
ID000347,Aaron Harvey,"1807 Prairieview Pass, Dallas, TX",(214) 632-9282,256935132
ID000348,Jack Ward,"5 Susan Plaza, Richardson, TX",(972) 918-4342,973816951
ID000349,Dorothy Spencer,"90651 Bellgrove Junction, Dallas, TX",(972) 892-8862,324711906
ID000350,Lawrence Hunt,"2 Randy Court, Dallas, TX",(972) 962-4743,227595562
ID000351,Beverly Fernandez,"480 Toban Lane, Richardson, TX",(469) 975-3330,931624904
ID000352,Karen Johnston,"3 Coleman Plaza, Dallas, TX",(214) 768-1518,625577457
ID000353,Howard Gonzalez,"7699 Dakota Terrace, Dallas, TX",(214) 905-6019,285704379
ID000354,Dorothy Graham,"9 Mcguire Alley, Richardson, TX",(469) 619-4224,490164375
ID000355,Barbara Anderson,"77 Ronald Regan Park, Richardson, TX",(214) 947-1531,246405583
ID000356,Frances Willis,"61438 Becker Park, Dallas, TX",(469) 900-5979,697566815
ID000357,Martha Arnold,"52279 Hauk Plaza, Dallas, TX",(469) 968-6237,878941305
ID000358,Maria Medina,"6 Gina Crossing, Dallas, TX",(214) 851-3813,721322687
ID000359,Jonathan Fox,"32 Springs Road, Dallas, TX",(972) 916-5884,842655010
ID000360,Carlos Carter,"96207 3rd Park, Dallas, TX",(214) 928-7624,657176421
ID000361,Adam Ferguson,"0 Summerview Court, Dallas, TX",(214) 957-5621,422817045
ID000362,Nicholas Wheeler,"756 Pleasure Circle, Dallas, TX",(469) 973-3255,644090337
ID000363,Raymond Rogers,"16 Monument Parkway, Richardson, TX",(469) 887-9227,903981679
ID000364,Brandon Stevens,"94647 Village Junction, Dallas, TX",(214) 693-6689,847293619
ID000365,Lori Ferguson,"49 Sachtjen Crossing, Dallas, TX",(214) 968-1515,822625312
ID000366,Roy Turner,"61544 Talmadge Drive, Richardson, TX",(469) 927-5678,629419551
ID000367,Martha Warren,"94 Vahlen Hill, Dallas, TX",(972) 776-3863,235798503
ID000368,Ruby Anderson,"0482 Haas Terrace, Dallas, TX",(469) 873-2923,265907820
ID000369,Steven Bailey,"8987 Lawn Park, Dallas, TX",(469) 938-8249,694920573
ID000370,Melissa Perkins,"0039 Hanson Court, Dallas, TX",(972) 995-3027,143302355
ID000371,Ruby Ross,"86591 Roxbury Circle, Dallas, TX",(214) 917-1080,344692006
ID000372,Billy King,"831 Sutherland Point, Plano, TX",(214) 846-6560,566647874
ID000373,Mildred Sanchez,"09 Annamark Circle, Dallas, TX",(469) 877-2424,163658067
ID000374,Linda Duncan,"09159 Charing Cross Way, Dallas, TX",(972) 877-3172,588459557
ID000375,Janice Montgomery,"661 Grasskamp Alley, Dallas, TX",(214) 905-8688,142746194
ID000376,Robin Cox,"0 Gerald Court, Dallas, TX",(972) 722-1586,694583169
ID000377,Carol Howell,"273 Sullivan Lane, Richardson, TX",(214) 831-1374,513110091
ID000378,Doris Welch,"74 Oakridge Alley, Dallas, TX",(469) 983-6603,432497884
ID000379,Debra Kelly,"0 Maywood Street, Dallas, TX",(469) 926-2312,204467713
ID000380,Scott Morales,"823 Sherman Point, Plano, TX",(469) 801-1210,597001738
ID000381,Louise Murphy,"7113 Carpenter Drive, Dallas, TX",(469) 988-1773,221706594
ID000382,Jack Cruz,"55322 Linden Point, Dallas, TX",(469) 896-0110,300485255
ID000383,Teresa Carter,"4757 Kingsford Street, Dallas, TX",(214) 964-1732,823597520
ID000384,Eric Flores,"0 Vera Center, Dallas, TX",(214) 868-2141,526530309
ID000385,Louis Elliott,"02 Jenna Trail, Dallas, TX",(972) 567-4117,996226511
ID000386,Nicholas Evans,"13 Russell Lane, Dallas, TX",(214) 975-3027,688127828
ID000387,Evelyn Bailey,"77832 West Park, Dallas, TX",(972) 978-9540,389899874
ID000388,Arthur Ray,"3079 Donald Point, Dallas, TX",(469) 754-2762,614079273
ID000389,Shawn Burns,"51 Nelson Plaza, Dallas, TX",(469) 978-8065,189818299
ID000390,Henry Wallace,"4139 Spaight Road, Richardson, TX",(972) 524-8949,874300223
ID000391,Kathy Garcia,"3657 Anhalt Trail, Richardson, TX",(469) 867-8069,841428500
ID000392,Kenneth Sanchez,"06600 Utah Crossing, Dallas, TX",(972) 810-0694,933686811
ID000393,Carl Bishop,"01 Goodland Junction, Dallas, TX",(469) 792-3214,124811894
ID000394,Harry Tucker,"8 Waubesa Parkway, Dallas, TX",(214) 925-4392,255450108
ID000395,Christopher Marshall,"34693 Warbler Junction, Plano, TX",(214) 646-3142,694431375
ID000396,Russell Murphy,"9552 Mandrake Center, Dallas, TX",(214) 843-3552,405109736
ID000397,Jessica Carr,"9 Sutteridge Pass, Dallas, TX",(469) 949-9851,752918139
ID000398,Cheryl Moore,"0 2nd Plaza, Dallas, TX",(972) 272-0101,324707021
ID000399,Lori Carroll,"879 Clarendon Alley, Dallas, TX",(469) 989-2206,903052325
ID000400,Frank Martin,"428 Lindbergh Way, Dallas, TX",(972) 802-1808,323483150
ID000401,Joyce Allen,"5911 Troy Pass, Dallas, TX",(469) 935-7570,748297839
ID000402,Philip Gonzalez,"2 Buhler Street, Dallas, TX",(214) 941-2219,203923954
ID000403,Nicole Bell,"69 Manitowish Lane, Dallas, TX",(214) 901-7334,483932540
ID000404,Joseph Perry,"45 Judy Trail, Dallas, TX",(214) 938-2436,235141141
ID000405,Doris Peterson,"56 Oxford Avenue, Dallas, TX",(214) 956-2812,138499901
ID000406,Gregory Marshall,"17 Eastwood Terrace, Dallas, TX",(214) 824-0301,311513288
ID000407,Virginia Kelly,"37408 Morrow Court, Plano, TX",(972) 839-9825,359352008
ID000408,Beverly Hawkins,"0 Hovde Terrace, Dallas, TX",(469) 814-1846,608209205
ID000409,Scott Gonzalez,"623 Westend Way, Dallas, TX",(469) 928-6396,539337584
ID000410,Paul Mcdonald,"334 Orin Avenue, Dallas, TX",(972) 994-1541,407508210
ID000411,Dennis Duncan,"05 Mitchell Hill, Dallas, TX",(469) 906-7817,158214344
ID000412,Mary Ryan,"24029 Nevada Way, Dallas, TX",(469) 827-6766,146557699
ID000413,Victor Smith,"0 Helena Point, Dallas, TX",(214) 828-3216,870931419
ID000414,Ruby Murray,"4920 Westend Court, Dallas, TX",(214) 859-6221,752503597
ID000415,Jean Garza,"91 Havey Plaza, Plano, TX",(972) 738-9037,894844831
ID000416,Andrew Jordan,"38498 Park Meadow Crossing, Dallas, TX",(469) 762-1505,327536005
ID000417,Harry Marshall,"24 Heffernan Crossing, Plano, TX",(972) 927-0592,868790477
ID000418,Wayne Franklin,"35 Continental Alley, Dallas, TX",(214) 741-9000,409039079
ID000419,Lillian Gonzalez,"9922 Arkansas Circle, Plano, TX",(972) 872-9248,653599039
ID000420,Rachel Bishop,"70227 Vernon Way, Dallas, TX",(972) 798-2559,718476143
ID000421,Alan Lynch,"332 Dayton Plaza, Plano, TX",(214) 930-8850,841963890
ID000422,Carlos Ray,"62 Monument Park, Dallas, TX",(469) 942-7494,931944929
ID000423,Frank Taylor,"5 Lien Center, Dallas, TX",(214) 621-5602,720850355
ID000424,Melissa Burton,"5 Springs Lane, Dallas, TX",(469) 567-0603,836238686
ID000425,Anne Nelson,"34365 Kropf Park, Dallas, TX",(972) 904-1974,999282020
ID000426,Amanda Bailey,"29 Continental Point, Dallas, TX",(214) 819-4931,919676865
ID000427,Chris Duncan,"35 Alpine Avenue, Dallas, TX",(214) 940-2965,362099834
ID000428,Elizabeth Gibson,"6602 Namekagon Way, Dallas, TX",(972) 863-7573,762378033
ID000429,Keith Brown,"471 Burning Wood Park, Dallas, TX",(214) 849-4296,424501775
ID000430,Karen Sanchez,"71 Old Gate Point, Dallas, TX",(214) 915-6512,221742881
ID000431,Marilyn Meyer,"3981 Lerdahl Point, Dallas, TX",(972) 956-5459,467351217
ID000432,Harold Little,"81271 Evergreen Lane, Dallas, TX",(469) 888-8096,142418822
ID000433,Henry Dean,"4913 Brentwood Center, Dallas, TX",(469) 950-2072,626749990
ID000434,Joyce Rivera,"3 Johnson Pass, Dallas, TX",(469) 982-3317,468997446
ID000435,Marie Johnson,"6 Graedel Street, Richardson, TX",(972) 701-4623,560851499
ID000436,Aaron Clark,"5169 Bashford Point, Plano, TX",(214) 931-4554,650876068
ID000437,Anne Campbell,"0140 Grover Place, Dallas, TX",(214) 962-1673,262558913
ID000438,Janice Garrett,"439 Prentice Hill, Dallas, TX",(972) 911-1842,691111485
ID000439,Bobby Johnson,"7 Moulton Crossing, Dallas, TX",(469) 948-5326,772978655
ID000440,Fred Welch,"0 Lukken Alley, Dallas, TX",(214) 955-3447,807937008
ID000441,Laura Chapman,"304 Lunder Hill, Richardson, TX",(469) 823-5855,464188734
ID000442,Albert Castillo,"2 Beilfuss Center, Dallas, TX",(214) 705-0297,307702725
ID000443,Julia Oliver,"42421 Farmco Street, Dallas, TX",(972) 780-5174,528917558
ID000444,David Russell,"57840 Laurel Alley, Dallas, TX",(972) 852-7339,408530520
ID000445,Russell Montgomery,"18 Hagan Pass, Dallas, TX",(972) 389-6002,520766004
ID000446,Joe Price,"1 Leroy Park, Dallas, TX",(214) 527-9098,660908261
ID000447,Anthony Harrison,"7123 Bunker Hill Junction, Dallas, TX",(972) 970-2532,799340025
ID000448,Gregory Hudson,"42 Park Meadow Park, Dallas, TX",(972) 883-9738,870496647
ID000449,Michelle Chapman,"29 Rieder Pass, Dallas, TX",(972) 911-7317,707638293
ID000450,Chris Bailey,"8 South Court, Dallas, TX",(214) 935-4761,469391386
ID000451,Kevin Wood,"0 Pierstorff Park, Dallas, TX",(469) 876-1298,553570780
ID000452,Louise Spencer,"4462 Blaine Avenue, Dallas, TX",(214) 877-5122,316436159
ID000453,Ruth Lee,"58 Waubesa Avenue, Dallas, TX",(469) 940-2041,455512609
ID000454,Carolyn Alexander,"634 Judy Pass, Dallas, TX",(214) 882-9567,995349938
ID000455,Barbara Rivera,"93 North Pass, Dallas, TX",(972) 696-7148,149269323
ID000456,Adam Mcdonald,"20734 Beilfuss Park, Dallas, TX",(972) 846-7469,889469650
ID000457,Sara Graham,"4992 Ridgeview Court, Dallas, TX",(469) 586-2569,242321789
ID000458,Henry Spencer,"919 7th Plaza, Dallas, TX",(214) 949-3097,900931217
ID000459,Lillian Austin,"8 Eagle Crest Way, Richardson, TX",(469) 980-2648,669837441
ID000460,Jerry Pierce,"16 Charing Cross Center, Dallas, TX",(469) 546-3297,989791559
ID000461,Emily Ruiz,"1 Claremont Junction, Plano, TX",(214) 961-5149,336447837
ID000462,Lillian Baker,"111 Village Plaza, Richardson, TX",(469) 643-7532,928580480
ID000463,Ruth Butler,"41052 Waubesa Lane, Richardson, TX",(972) 760-5201,186052080
ID000464,Catherine Welch,"666 Kim Crossing, Dallas, TX",(972) 895-2567,922113673
ID000465,Howard Castillo,"4069 Oneill Point, Richardson, TX",(214) 332-8692,209549222
ID000466,Justin Sanders,"2 Mayer Junction, Plano, TX",(214) 883-7551,352509918
ID000467,Ronald Roberts,"25 South Lane, Dallas, TX",(972) 703-1253,651148311
ID000468,Jane Harrison,"8070 Clarendon Parkway, Dallas, TX",(469) 907-0689,724315669
ID000469,Benjamin Grant,"89750 Kenwood Crossing, Dallas, TX",(469) 978-2012,506888490
ID000470,Harry Miller,"721 High Crossing Court, Dallas, TX",(214) 867-9998,581204224
ID000471,Matthew Burke,"735 Toban Park, Plano, TX",(972) 915-3614,878060469
ID000472,Christine Chavez,"560 Atwood Pass, Dallas, TX",(214) 937-6446,246123136
ID000473,Eric Hernandez,"80149 Haas Court, Dallas, TX",(214) 905-1189,938959106
ID000474,Diana Jones,"499 Pearson Junction, Dallas, TX",(469) 838-4299,734248047
ID000475,Janet Rice,"35291 Bunker Hill Way, Dallas, TX",(214) 291-3432,829119179
ID000476,Diane Ruiz,"36 Cambridge Park, Dallas, TX",(469) 888-5191,744910994
ID000477,Theresa Russell,"589 Northwestern Park, Dallas, TX",(214) 851-1236,981131196
ID000478,Wayne Hunt,"9818 Westend Center, Plano, TX",(469) 941-4660,770005747
ID000479,Virginia Gordon,"76 Tony Road, Dallas, TX",(214) 913-8462,842927572
ID000480,Gloria Rice,"9 Golf View Alley, Dallas, TX",(214) 920-9672,737533435
ID000481,Mildred Butler,"67 Westerfield Avenue, Dallas, TX",(469) 283-4838,451562506
ID000482,Debra West,"4799 Melody Parkway, Richardson, TX",(972) 966-6826,368381777
ID000483,Nancy Wheeler,"737 Doe Crossing Trail, Dallas, TX",(972) 898-3947,199369132
ID000484,Lawrence Stone,"8 Darwin Alley, Richardson, TX",(214) 949-9916,931762866
ID000485,Rachel Reyes,"6 Anniversary Alley, Richardson, TX",(972) 939-6714,371288168
ID000486,Amanda Simpson,"15 Dixon Street, Dallas, TX",(972) 740-1910,435694707
ID000487,Lori Carroll,"213 Forest Point, Dallas, TX",(469) 958-8957,235323985
ID000488,Bobby Austin,"62352 Pankratz Road, Richardson, TX",(972) 912-7272,148556625
ID000489,Brenda Carpenter,"6664 Prairie Rose Point, Dallas, TX",(214) 986-1471,253356885
ID000490,Sharon Mason,"33 Moulton Lane, Dallas, TX",(972) 901-1745,817441979
ID000491,Joshua Ross,"4376 Kropf Road, Dallas, TX",(214) 915-4707,639314924
ID000492,Melissa Mccoy,"08770 Moland Lane, Richardson, TX",(469) 926-4571,926531333
ID000493,Bobby Kelly,"79 Burning Wood Pass, Dallas, TX",(214) 860-1350,728549849
ID000494,Jennifer Ortiz,"25989 Mccormick Drive, Dallas, TX",(469) 874-7030,846650817
ID000495,Chris Carter,"50486 Grim Alley, Dallas, TX",(469) 916-1204,810704323
ID000496,Christopher Gonzales,"49163 Moose Point, Dallas, TX",(214) 959-6901,919266378
ID000497,Albert Gibson,"90 Lillian Trail, Dallas, TX",(469) 951-7990,966294430
ID000498,Doris Rose,"1891 Melrose Terrace, Richardson, TX",(972) 849-4915,435999670
ID000499,Marilyn Jordan,"61 Eagle Crest Junction, Richardson, TX",(214) 796-3512,416216778
ID000500,Joe Bowman,"26225 8th Road, Dallas, TX",(972) 882-8221,306680158
ID000501,Denise Price,"46 Knutson Drive, Richardson, TX",(972) 488-9450,840123188
ID000502,Evelyn Edwards,"7867 Nancy Park, Dallas, TX",(972) 209-1095,332410512
ID000503,Kimberly Hernandez,"2 Buell Drive, Dallas, TX",(469) 779-6890,196027403
ID000504,Norma Boyd,"35 Service Court, Dallas, TX",(972) 833-7491,388551450
ID000505,Sharon Ramos,"39 Daystar Hill, Dallas, TX",(214) 898-7050,395167095
ID000506,Rachel Riley,"01017 Jay Plaza, Dallas, TX",(972) 803-8359,541255056
ID000507,Randy Jenkins,"794 Buena Vista Road, Dallas, TX",(469) 894-9345,132588039
ID000508,John Clark,"0708 North Terrace, Dallas, TX",(469) 918-1359,774384043
ID000509,Ruby Hansen,"8756 Wayridge Drive, Dallas, TX",(469) 941-4442,495550985
ID000510,Ashley Peters,"28880 4th Alley, Dallas, TX",(972) 893-4339,739909261
ID000511,Albert Garcia,"0 Maple Terrace, Plano, TX",(972) 931-7094,377638268
ID000512,Clarence Holmes,"291 1st Terrace, Richardson, TX",(214) 952-6641,150302288
ID000513,Julie Parker,"3377 Dahle Street, Dallas, TX",(214) 876-9952,849928312
ID000514,Michael Martinez,"0967 Melrose Avenue, Dallas, TX",(214) 935-8776,953431417
ID000515,William Berry,"9 Hagan Street, Dallas, TX",(214) 885-1966,337868085
ID000516,Gerald Burke,"5175 Florence Center, Dallas, TX",(469) 999-7380,465958833
ID000517,Linda Rodriguez,"2427 Reindahl Park, Dallas, TX",(972) 664-5725,960839340
ID000518,Terry Stephens,"27291 Farragut Court, Dallas, TX",(972) 890-0078,709911641
ID000519,Timothy Hunt,"4219 Westport Hill, Richardson, TX",(214) 950-1960,423064282
ID000520,Richard Cruz,"813 Darwin Avenue, Dallas, TX",(972) 889-2210,622299732
ID000521,Gregory Gomez,"3993 American Circle, Dallas, TX",(972) 867-8273,631128701
ID000522,Louise Garza,"14760 Bobwhite Terrace, Dallas, TX",(469) 893-7918,699590681
ID000523,James Adams,"055 Alpine Way, Richardson, TX",(972) 925-4501,762638070
ID000524,Victor Gardner,"12141 Corscot Junction, Dallas, TX",(972) 962-2925,149421309
ID000525,Ernest Lane,"66226 Nova Way, Plano, TX",(469) 999-6823,531675941
ID000526,Joe Griffin,"205 Fuller Plaza, Dallas, TX",(469) 912-4055,156631943
ID000527,Sean Kelly,"3 Gerald Court, Dallas, TX",(214) 970-9971,664384205
ID000528,Angela Turner,"53 Colorado Pass, Plano, TX",(469) 945-2673,662877945
ID000529,Jerry Howard,"68198 Monterey Parkway, Dallas, TX",(972) 936-3734,678628472
ID000530,Ashley Lopez,"405 Hovde Way, Dallas, TX",(972) 956-4194,216372770
ID000531,Albert Marshall,"933 Claremont Avenue, Dallas, TX",(972) 771-8796,302510303
ID000532,Michelle Williams,"07 Marquette Road, Dallas, TX",(469) 921-7056,194033629
ID000533,Sharon Wells,"23 Twin Pines Parkway, Dallas, TX",(972) 841-5472,303318810
ID000534,Doris Gordon,"358 Pearson Court, Dallas, TX",(469) 945-1043,785254186
ID000535,Patricia Long,"76 Jana Place, Plano, TX",(469) 711-2650,395228160
ID000536,Helen Lee,"65137 Summerview Crossing, Dallas, TX",(469) 656-8757,374216461
ID000537,Kimberly Collins,"9629 Delaware Crossing, Dallas, TX",(469) 789-3606,746771077
ID000538,Mary Dunn,"6848 Sunbrook Parkway, Dallas, TX",(214) 961-2821,376272540
ID000539,Amy Harper,"5863 Boyd Drive, Dallas, TX",(214) 988-3185,756453967
ID000540,Bobby Long,"35 Paget Circle, Plano, TX",(214) 910-1295,873253246
ID000541,Sara Young,"71916 Sherman Point, Plano, TX",(972) 918-2624,447508678
ID000542,Kathy Oliver,"0 Victoria Junction, Dallas, TX",(972) 784-8364,303613106
ID000543,Ruby Ray,"17 Hermina Point, Dallas, TX",(214) 987-1219,693546232
ID000544,Lori Schmidt,"181 Rowland Hill, Dallas, TX",(469) 786-6455,107164727
ID000545,Raymond Fox,"1 Farwell Avenue, Dallas, TX",(214) 986-0132,160602907
ID000546,Nancy Turner,"1 Vermont Alley, Dallas, TX",(214) 984-4444,192573114
ID000547,Gregory Richards,"9 Vidon Street, Dallas, TX",(214) 911-5776,214137727
ID000548,Lawrence Perez,"6441 Derek Junction, Dallas, TX",(972) 932-7049,480372448
ID000549,Thomas Pierce,"73803 Prairieview Alley, Dallas, TX",(214) 837-7005,279032319
ID000550,Steve Larson,"6 Nobel Trail, Dallas, TX",(469) 818-8073,860315301
ID000551,Aaron Coleman,"62 Golden Leaf Crossing, Plano, TX",(972) 965-7245,375320893
ID000552,Joe Daniels,"916 Marcy Way, Richardson, TX",(972) 852-7588,335175061
ID000553,Theresa Porter,"8868 Blaine Pass, Dallas, TX",(214) 841-2263,273163483
ID000554,Kathleen Crawford,"44 Elmside Place, Dallas, TX",(214) 466-2521,690784766
ID000555,Joe Bradley,"90362 Kipling Plaza, Dallas, TX",(214) 934-9993,371489808
ID000556,Paul Jacobs,"512 Tennessee Place, Dallas, TX",(214) 842-8747,957050987
ID000557,Andrew Reid,"7654 Moland Terrace, Dallas, TX",(972) 610-4548,229108054
ID000558,Ralph George,"072 Merchant Trail, Dallas, TX",(972) 917-6796,714898210
ID000559,Jeremy Brown,"2 Old Shore Park, Plano, TX",(469) 982-3476,401335380
ID000560,Nicholas Kennedy,"2067 Jana Parkway, Dallas, TX",(214) 951-6843,953585532
ID000561,Ronald Wells,"37 Prairieview Parkway, Plano, TX",(469) 672-3875,818634715
ID000562,Albert Gilbert,"7169 Scoville Avenue, Dallas, TX",(972) 599-7668,984160277
ID000563,Jason Turner,"208 Summit Park, Dallas, TX",(972) 919-7729,762909837
ID000564,Arthur Spencer,"624 Kropf Terrace, Dallas, TX",(469) 790-4776,229266155
ID000565,Bonnie Ray,"20935 Vahlen Pass, Dallas, TX",(469) 690-0504,673359377
ID000566,Carol Ryan,"43 Sloan Avenue, Dallas, TX",(469) 959-3742,414826319
ID000567,Kevin Little,"244 Tony Center, Dallas, TX",(214) 865-6806,832184025
ID000568,Todd Hall,"3896 Corscot Circle, Dallas, TX",(214) 623-7406,562281756
ID000569,Ralph Hart,"16083 Lillian Crossing, Dallas, TX",(469) 916-1028,243204627
ID000570,Ruby Martin,"6 Merry Trail, Dallas, TX",(469) 781-1733,152911428
ID000571,Julia Kim,"30 Corscot Terrace, Richardson, TX",(972) 826-8872,200924036
ID000572,Lawrence Reyes,"70001 Lunder Pass, Plano, TX",(469) 952-7199,869202424
ID000573,Ronald Rivera,"0 Fuller Trail, Dallas, TX",(469) 977-6988,766566664
ID000574,Kenneth Medina,"652 Melody Avenue, Dallas, TX",(469) 815-2235,966339584
ID000575,Angela Clark,"916 Elka Place, Dallas, TX",(972) 726-9437,761709256
ID000576,Diane Brown,"4221 Petterle Junction, Plano, TX",(972) 633-7951,191210161
ID000577,Jack Ward,"00625 Warner Street, Dallas, TX",(972) 802-4440,597211875
ID000578,Roger Powell,"48387 Corben Junction, Dallas, TX",(214) 803-6520,175990098
ID000579,Rachel Cook,"214 Eastwood Hill, Dallas, TX",(214) 862-3951,541562611
ID000580,Karen Burke,"09242 Victoria Plaza, Dallas, TX",(469) 897-7697,454078145
ID000581,Kimberly Robinson,"26233 Oneill Junction, Dallas, TX",(214) 810-2174,947351972
ID000582,Samuel Bryant,"95 Pearson Pass, Dallas, TX",(972) 509-6994,679656095
ID000583,Russell Berry,"27 Moose Plaza, Plano, TX",(214) 969-7916,522265924
ID000584,Paula Frazier,"713 Havey Court, Dallas, TX",(469) 704-7407,624877517
ID000585,Anna Rice,"9 Lunder Center, Dallas, TX",(469) 960-1948,502800344
ID000586,Diane Stanley,"96 Roth Hill, Richardson, TX",(214) 955-8100,385994195
ID000587,Billy Snyder,"8170 Clarendon Crossing, Dallas, TX",(972) 883-8736,678088971
ID000588,Juan Bailey,"6 Logan Crossing, Plano, TX",(972) 954-9785,850269485
ID000589,Patricia Green,"27001 Mayfield Street, Dallas, TX",(972) 880-1670,119174689
ID000590,Louise Harrison,"4383 Forest Dale Hill, Plano, TX",(972) 591-6825,640578903
ID000591,Scott Cunningham,"1312 Kinsman Terrace, Dallas, TX",(469) 940-8227,915815067
ID000592,Steve White,"57 Vera Lane, Dallas, TX",(972) 573-3704,287082149
ID000593,Brandon Jones,"8845 Blackbird Terrace, Dallas, TX",(214) 982-8588,915626265
ID000594,Rebecca Reed,"012 Sunbrook Place, Plano, TX",(469) 800-1493,622622819
ID000595,Kelly Hawkins,"517 Bay Crossing, Dallas, TX",(972) 839-2019,330901862
ID000596,Kenneth Hudson,"16 Porter Trail, Dallas, TX",(972) 977-7399,159374167
ID000597,Tammy Butler,"0897 Amoth Hill, Dallas, TX",(214) 934-8616,332962350
ID000598,Steven Lane,"0185 Hollow Ridge Street, Dallas, TX",(214) 993-0045,179136812
ID000599,Jean West,"5487 Tomscot Place, Plano, TX",(214) 814-4521,640945337
ID000600,Keith Mason,"1 Norway Maple Park, Richardson, TX",(469) 237-7698,381834152
ID000601,Jose Morales,"36703 Pennsylvania Center, Dallas, TX",(214) 936-8952,480061832
ID000602,Johnny Harris,"816 Ramsey Pass, Dallas, TX",(214) 800-8878,360262573
ID000603,Harold Romero,"864 Clove Plaza, Dallas, TX",(972) 958-7058,271803746
ID000604,Jose Phillips,"726 Farwell Road, Dallas, TX",(469) 922-7795,161602246
ID000605,Tina Nguyen,"7814 Fairview Avenue, Dallas, TX",(214) 858-2813,968213159
ID000606,Michelle Hill,"70 Jana Plaza, Plano, TX",(214) 805-4933,994007169
ID000607,Henry Powell,"1 Arapahoe Plaza, Dallas, TX",(469) 861-9090,164070343
ID000608,Donna Nelson,"4 Homewood Alley, Dallas, TX",(469) 700-9754,491057221
ID000609,Louis Perry,"1655 Heffernan Pass, Dallas, TX",(214) 820-3573,511954134
ID000610,Paul Lee,"41406 Ridge Oak Parkway, Dallas, TX",(972) 810-6175,196784374
ID000611,Diana King,"65113 Saint Paul Court, Dallas, TX",(972) 748-9174,112602094
ID000612,Evelyn Campbell,"68 Mifflin Court, Dallas, TX",(214) 743-4130,376036774
ID000613,Louis Howard,"0 Lyons Park, Dallas, TX",(972) 941-3029,277815111
ID000614,Irene Robinson,"04 Fairfield Parkway, Dallas, TX",(469) 943-6537,658051653
ID000615,Alice Armstrong,"7068 Derek Alley, Dallas, TX",(214) 911-6490,155872365
ID000616,Eugene Woods,"56245 Graceland Way, Dallas, TX",(972) 832-8839,665028900
ID000617,Louis Taylor,"09508 Thackeray Center, Dallas, TX",(214) 932-0979,670325349
ID000618,Deborah Owens,"12322 Hayes Center, Dallas, TX",(214) 971-1946,416312379
ID000619,Marilyn Collins,"305 1st Crossing, Dallas, TX",(972) 927-4971,346414220
ID000620,Virginia Gonzalez,"03722 Huxley Point, Dallas, TX",(214) 864-3430,475067256
ID000621,Helen Ryan,"51 Kennedy Parkway, Dallas, TX",(214) 988-0720,701285911
ID000622,John Myers,"4 Mendota Junction, Dallas, TX",(214) 437-0969,646841183
ID000623,Mary Collins,"261 Almo Alley, Dallas, TX",(469) 987-5918,748141656
ID000624,Raymond Carter,"71 Eastwood Way, Dallas, TX",(972) 891-0800,802790419
ID000625,Mary Ramos,"6 Anderson Lane, Plano, TX",(214) 989-0536,124079804
ID000626,Kathy Ferguson,"20 7th Place, Dallas, TX",(214) 607-7944,311305644
ID000627,Clarence Morales,"4645 Homewood Trail, Plano, TX",(214) 900-0324,156048304
ID000628,Teresa Campbell,"0241 Bultman Point, Dallas, TX",(214) 930-0030,590287564
ID000629,Roger Nguyen,"249 Marquette Center, Dallas, TX",(972) 931-8604,157330075
ID000630,Phyllis Long,"9 Bluestem Circle, Dallas, TX",(972) 661-7458,326208507
ID000631,Michael Taylor,"18398 Florence Place, Dallas, TX",(972) 833-7591,536175051
ID000632,John Watkins,"1669 Ridgeview Hill, Richardson, TX",(214) 925-0299,906452011
ID000633,Carolyn Garcia,"9 Dapin Trail, Dallas, TX",(214) 920-2780,336892349
ID000634,Donald Phillips,"7 Alpine Alley, Dallas, TX",(214) 813-6913,255256148
ID000635,Deborah Watson,"75 Carey Parkway, Dallas, TX",(469) 809-1498,292880298
ID000636,Annie Shaw,"66820 Bunting Plaza, Dallas, TX",(972) 965-6678,640786255
ID000637,Alan Price,"84 Rutledge Junction, Dallas, TX",(972) 776-5854,847478564
ID000638,Kathryn Morrison,"59100 Onsgard Crossing, Dallas, TX",(972) 875-1440,126263636
ID000639,Christopher Johnson,"777 Ludington Terrace, Dallas, TX",(972) 679-9556,471616333
ID000640,Joshua Bishop,"0 Grim Place, Dallas, TX",(214) 600-5143,439038518
ID000641,Ernest Jones,"8085 Weeping Birch Alley, Dallas, TX",(972) 948-1978,391222309
ID000642,Melissa Banks,"578 Reindahl Trail, Dallas, TX",(972) 993-2150,897346632
ID000643,Arthur Lane,"26696 Steensland Court, Plano, TX",(214) 959-8756,985722421
ID000644,Joyce Perkins,"8 Bluestem Park, Dallas, TX",(972) 942-5394,325856108
ID000645,Judith Sullivan,"95194 Badeau Trail, Dallas, TX",(972) 890-8729,506851419
ID000646,Billy Johnson,"95272 Kensington Plaza, Dallas, TX",(972) 823-5333,103273706
ID000647,Marie Bell,"74 Anderson Avenue, Dallas, TX",(469) 991-0533,378579726
ID000648,Jimmy Ford,"14311 Merchant Court, Dallas, TX",(469) 937-3556,764947005
ID000649,Alice Mccoy,"6 Nelson Avenue, Dallas, TX",(469) 848-7697,667375162
ID000650,Richard Matthews,"121 Warrior Alley, Dallas, TX",(972) 963-0887,946025323
ID000651,Daniel Foster,"84 Charing Cross Avenue, Dallas, TX",(972) 838-0899,143593681
ID000652,Earl Banks,"0 Lindbergh Place, Dallas, TX",(972) 921-9987,251350397
ID000653,Scott Rogers,"9 Gulseth Circle, Dallas, TX",(469) 936-7824,709471259
ID000654,Richard Baker,"68093 Ridge Oak Junction, Dallas, TX",(972) 957-8835,211179786
ID000655,Robin Mcdonald,"3407 Old Gate Circle, Dallas, TX",(972) 858-2976,375179234
ID000656,Victor Riley,"219 Fair Oaks Park, Dallas, TX",(214) 932-7141,512450642
ID000657,Anne Lopez,"62 Truax Terrace, Dallas, TX",(972) 987-8304,727220778
ID000658,Margaret Fisher,"53744 Prentice Alley, Dallas, TX",(469) 711-2192,315715729
ID000659,Amanda Perkins,"629 Troy Way, Dallas, TX",(972) 937-2368,897194834
ID000660,Linda Perry,"83189 Esch Circle, Dallas, TX",(214) 865-3742,619765825
ID000661,Wanda Lawrence,"6239 Mandrake Alley, Dallas, TX",(214) 772-4765,272908955
ID000662,Tina Mitchell,"42613 Pankratz Hill, Dallas, TX",(972) 791-8636,100078344
ID000663,Jacqueline Gordon,"3603 Vernon Junction, Dallas, TX",(972) 979-5379,392343414
ID000664,Betty Hunt,"79 Welch Court, Dallas, TX",(214) 615-4372,850035811
ID000665,Kevin Webb,"156 Lukken Lane, Dallas, TX",(214) 947-7416,190475767
ID000666,Joshua Evans,"225 Dixon Center, Richardson, TX",(214) 882-4750,529874076
ID000667,Kathleen Peters,"5024 Park Meadow Park, Dallas, TX",(214) 838-2643,836542070
ID000668,Marie Mason,"651 Cody Trail, Dallas, TX",(972) 918-8605,265541326
ID000669,Jean Morrison,"68 Stuart Parkway, Dallas, TX",(972) 767-8868,941126153
ID000670,Daniel Hudson,"16609 Oak Valley Plaza, Dallas, TX",(214) 921-7666,190478274
ID000671,Judith Dixon,"8 Almo Court, Dallas, TX",(972) 908-2892,318201054
ID000672,Roy Morales,"05025 Muir Point, Dallas, TX",(972) 635-1013,963642281
ID000673,Justin Marshall,"972 Crownhardt Circle, Plano, TX",(469) 778-6036,531843873
ID000674,Gregory Smith,"59810 Erie Circle, Dallas, TX",(972) 868-0952,635156122
ID000675,Deborah Reed,"426 Swallow Hill, Richardson, TX",(214) 981-2497,552290884
ID000676,Pamela King,"1754 Pennsylvania Way, Plano, TX",(214) 989-0559,578147271
ID000677,Alan Welch,"1102 Magdeline Court, Richardson, TX",(469) 984-4212,520659256
ID000678,Samuel Moore,"41307 Grasskamp Drive, Dallas, TX",(972) 850-8906,393119047
ID000679,Katherine Holmes,"0 Rowland Avenue, Dallas, TX",(972) 954-3190,343726326
ID000680,Harold Williams,"7576 Vermont Plaza, Dallas, TX",(214) 889-7673,900262190
ID000681,Evelyn Nguyen,"590 Independence Circle, Dallas, TX",(469) 746-7480,133852262
ID000682,Joe Cooper,"1421 Linden Avenue, Plano, TX",(469) 977-1179,824554537
ID000683,Helen Fernandez,"70499 Michigan Circle, Dallas, TX",(469) 831-8504,784922076
ID000684,Nicholas Gibson,"2454 Clemons Crossing, Plano, TX",(972) 906-3742,151586475
ID000685,Angela Tucker,"50 Brentwood Crossing, Dallas, TX",(972) 650-5349,122748518
ID000686,Amy Washington,"93083 Elka Lane, Dallas, TX",(972) 817-2285,917444969
ID000687,Gregory Sanchez,"230 Briar Crest Road, Dallas, TX",(972) 860-8215,688025499
ID000688,Terry Kennedy,"55 Summer Ridge Point, Dallas, TX",(214) 945-1527,941812456
ID000689,Charles Bradley,"10 Kenwood Avenue, Dallas, TX",(214) 763-4487,370795137
ID000690,Judy Gilbert,"0 Roth Alley, Dallas, TX",(214) 917-8414,972756100
ID000691,Paul Chapman,"57011 Reindahl Terrace, Richardson, TX",(469) 918-9529,820059916
ID000692,Cheryl Taylor,"4916 Stang Hill, Plano, TX",(469) 602-9760,536887676
ID000693,Linda Nelson,"46 Lukken Hill, Dallas, TX",(214) 728-3594,753824781
ID000694,Edward Harvey,"2989 Leroy Point, Dallas, TX",(469) 999-8714,617281448
ID000695,Carolyn Chapman,"9524 Amoth Lane, Dallas, TX",(214) 947-2089,735503554
ID000696,Jack Hudson,"2 Claremont Drive, Dallas, TX",(972) 544-4023,525502241
ID000697,Adam Gardner,"907 Corben Alley, Dallas, TX",(214) 548-0751,534114411
ID000698,Julia Pierce,"8 Heath Avenue, Richardson, TX",(469) 701-5525,363389674
ID000699,Janet Robertson,"20 Mesta Plaza, Dallas, TX",(214) 836-2849,407531627
ID000700,Maria Romero,"188 Loeprich Drive, Richardson, TX",(214) 845-7095,240041102
ID000701,Diana Rogers,"58 Welch Place, Dallas, TX",(469) 502-6533,472986371
ID000702,Evelyn Carter,"8 Fair Oaks Alley, Plano, TX",(469) 825-0017,663090104
ID000703,Bruce Armstrong,"9 Memorial Junction, Plano, TX",(214) 875-5764,535555684
ID000704,Janice Matthews,"967 Mifflin Center, Dallas, TX",(469) 914-7781,325184093
ID000705,Mildred Nelson,"9598 Union Terrace, Dallas, TX",(972) 452-3908,371064026
ID000706,Shawn Robertson,"6590 Holy Cross Way, Dallas, TX",(972) 656-2026,222633734
ID000707,Elizabeth Tucker,"65 Fulton Court, Dallas, TX",(214) 987-6456,276493884
ID000708,Dorothy Harper,"83 Boyd Center, Dallas, TX",(214) 827-1293,122239319
ID000709,Jack Woods,"10 Crest Line Pass, Dallas, TX",(214) 942-9460,323596505
ID000710,Eric Jordan,"154 Redwing Way, Richardson, TX",(469) 924-3271,436605376
ID000711,Marilyn Taylor,"57 Farmco Park, Dallas, TX",(214) 806-7627,283972577
ID000712,Timothy Edwards,"109 Larry Road, Dallas, TX",(214) 974-9365,248172518
ID000713,Carol Welch,"121 Ohio Road, Dallas, TX",(214) 821-0016,637482284
ID000714,Sandra Reed,"1876 Westend Court, Plano, TX",(469) 896-9764,164194566
ID000715,Jason Dunn,"90950 Sherman Way, Richardson, TX",(972) 712-6791,498448648
ID000716,Paula Jordan,"0 Schurz Lane, Dallas, TX",(214) 956-1394,741862253
ID000717,Willie Hernandez,"46 Bluejay Crossing, Dallas, TX",(469) 869-1585,694721725
ID000718,Chris Phillips,"2563 Macpherson Avenue, Dallas, TX",(214) 795-5477,500830564
ID000719,Juan Hayes,"5 Melvin Junction, Dallas, TX",(469) 666-0063,849331958
ID000720,Helen Lopez,"2 Maryland Park, Richardson, TX",(214) 904-8793,398418926
ID000721,Justin Porter,"66 Lerdahl Street, Dallas, TX",(469) 820-0587,642599156
ID000722,Johnny Garcia,"85 Sloan Street, Dallas, TX",(469) 962-1344,236999327
ID000723,Katherine Taylor,"00 Carey Alley, Dallas, TX",(469) 755-0265,590512989
ID000724,Jacqueline Howell,"30 Meadow Valley Trail, Dallas, TX",(972) 817-4256,847744073
ID000725,Earl Richards,"431 Birchwood Court, Dallas, TX",(214) 959-4661,743839247
ID000726,Clarence Woods,"7 Schiller Road, Plano, TX",(214) 913-1723,482297565
ID000727,Jessica Gonzales,"645 Rutledge Road, Dallas, TX",(972) 938-3645,209787735
ID000728,Matthew Warren,"4561 Texas Lane, Dallas, TX",(972) 971-6529,831596111
ID000729,Kathy Smith,"8726 Packers Parkway, Dallas, TX",(214) 953-4343,280985533
ID000730,Keith Collins,"99196 Surrey Court, Dallas, TX",(214) 788-7439,925639699
ID000731,Joan Garrett,"43 Scoville Pass, Plano, TX",(972) 954-7260,556383135
ID000732,Diane Little,"11 Donald Road, Plano, TX",(469) 688-9174,434718048
ID000733,Wanda Mendoza,"34327 Sunbrook Hill, Dallas, TX",(469) 569-6125,372723479
ID000734,Martin Nguyen,"08974 Bowman Way, Dallas, TX",(469) 996-7003,657614433
ID000735,Donald Andrews,"8 Kennedy Terrace, Dallas, TX",(972) 828-3356,967288561
ID000736,Ruth Weaver,"46239 Kipling Terrace, Dallas, TX",(214) 802-4320,895974019
ID000737,Patricia Gilbert,"43 Mariners Cove Center, Dallas, TX",(214) 814-7712,469609195
ID000738,Carlos Ford,"0 Dovetail Avenue, Dallas, TX",(214) 658-8568,286875683
ID000739,Louise Arnold,"55 Mandrake Crossing, Dallas, TX",(972) 903-4805,988746162
ID000740,Henry Nichols,"08 Oak Valley Park, Richardson, TX",(214) 941-0961,284978780
ID000741,Kathleen Hayes,"72 Mcguire Road, Dallas, TX",(469) 895-4109,186841844
ID000742,Bonnie Mccoy,"83175 Cottonwood Way, Dallas, TX",(214) 913-2990,458940428
ID000743,Jerry Montgomery,"10 Northland Plaza, Dallas, TX",(214) 826-7806,419298694
ID000744,Jessica Mccoy,"09315 Trailsway Court, Dallas, TX",(214) 918-2939,219675666
ID000745,Jean Ryan,"801 Hooker Center, Richardson, TX",(214) 998-5831,372210737
ID000746,Joyce Clark,"360 Hovde Way, Dallas, TX",(469) 853-7767,338735511
ID000747,Marilyn Cruz,"4 Esker Plaza, Dallas, TX",(469) 947-7763,593871261
ID000748,Christine Young,"70 Meadow Valley Pass, Richardson, TX",(972) 989-7753,132702552
ID000749,Marie Phillips,"8 Pleasure Drive, Dallas, TX",(469) 603-0113,795843330
ID000750,Ann Bryant,"451 Sundown Drive, Dallas, TX",(214) 940-1980,645657799
ID000751,Bruce Bailey,"1228 Warner Hill, Dallas, TX",(972) 785-6558,338605273
ID000752,Julie Fields,"0 Hayes Alley, Dallas, TX",(214) 226-5537,171354592
ID000753,Gregory Schmidt,"998 Merchant Circle, Dallas, TX",(972) 990-8419,872377791
ID000754,Marilyn Ryan,"877 Forster Lane, Dallas, TX",(469) 900-2911,264348300
ID000755,Julia Long,"472 Forest Trail, Dallas, TX",(972) 934-8954,361846572
ID000756,Victor Peterson,"3653 Sage Parkway, Dallas, TX",(214) 965-4668,538333604
ID000757,Sara Ruiz,"75507 Center Way, Richardson, TX",(214) 988-8363,294410480
ID000758,Roy Barnes,"4505 Transport Drive, Dallas, TX",(469) 530-2193,286274771
ID000759,Anthony Carpenter,"61 Karstens Plaza, Dallas, TX",(214) 939-8741,528823250
ID000760,Jessica Rodriguez,"3969 Springview Court, Dallas, TX",(469) 846-8175,774662989
ID000761,Craig Carter,"3 Hayes Plaza, Dallas, TX",(214) 974-6461,147967903
ID000762,Brandon Ellis,"9617 Summit Terrace, Dallas, TX",(469) 767-8210,126492208
ID000763,Richard Torres,"19723 Cherokee Drive, Dallas, TX",(972) 915-3282,509310770
ID000764,Janet Mcdonald,"63455 Division Park, Plano, TX",(469) 586-2793,335363231
ID000765,Raymond Campbell,"495 Mallard Street, Dallas, TX",(214) 881-9579,862425821
ID000766,Mark Fields,"03 Menomonie Junction, Dallas, TX",(972) 919-4515,430934149
ID000767,William Cox,"2 Veith Junction, Dallas, TX",(972) 897-9587,936046604
ID000768,Ruby Hansen,"759 Mandrake Avenue, Dallas, TX",(214) 912-1668,795039664
ID000769,Phillip Richards,"29931 Northridge Trail, Dallas, TX",(972) 783-3567,737181574
ID000770,Richard Jordan,"76466 Milwaukee Lane, Dallas, TX",(469) 998-7983,286378304
ID000771,Marie Perez,"38 Summer Ridge Court, Dallas, TX",(469) 682-4358,314522705
ID000772,Cheryl Butler,"68 Maple Court, Dallas, TX",(469) 448-2582,574793097
ID000773,Michelle Carpenter,"99896 New Castle Trail, Dallas, TX",(469) 780-0762,835298866
ID000774,Adam Cooper,"74125 Laurel Center, Dallas, TX",(214) 812-8288,496599897
ID000775,Nancy Shaw,"347 Oak Plaza, Dallas, TX",(214) 849-5837,368199311
ID000776,Ernest Gomez,"34530 Donald Pass, Dallas, TX",(972) 966-3976,414222220
ID000777,Wanda Wilson,"3 Rockefeller Point, Dallas, TX",(214) 783-6562,888893056
ID000778,Melissa Bailey,"94627 Hoard Parkway, Dallas, TX",(972) 870-8953,572708409
ID000779,Clarence Gray,"797 Merrick Way, Dallas, TX",(972) 951-5685,114715828
ID000780,Janice Hunter,"3 Sheridan Trail, Dallas, TX",(972) 888-0899,104433663
ID000781,Raymond Murray,"3083 Crescent Oaks Road, Dallas, TX",(972) 900-8986,329053664
ID000782,Bruce Hansen,"88200 Johnson Alley, Dallas, TX",(214) 892-9528,447699321
ID000783,Ryan Mccoy,"27278 American Ash Avenue, Dallas, TX",(469) 786-6255,937667915
ID000784,Jerry Fowler,"0 Lighthouse Bay Circle, Dallas, TX",(214) 653-3127,764896736
ID000785,Frank Harper,"8 Fairview Drive, Dallas, TX",(972) 810-8573,134924609
ID000786,George Garza,"0 Granby Lane, Dallas, TX",(469) 758-5662,571081675
ID000787,Sharon Olson,"7705 Ridge Oak Plaza, Richardson, TX",(972) 982-4528,914591431
ID000788,Kathryn Reed,"086 Bunker Hill Way, Dallas, TX",(972) 937-2108,310912067
ID000789,Randy Weaver,"5 Del Mar Junction, Richardson, TX",(214) 853-7737,925522771
ID000790,Linda Washington,"8122 Sachtjen Circle, Richardson, TX",(972) 914-5391,193137825
ID000791,Elizabeth Anderson,"80 Dunning Circle, Dallas, TX",(469) 881-4443,799374997
ID000792,Henry Kim,"9861 Elmside Crossing, Dallas, TX",(214) 912-9599,981698236
ID000793,Earl Morales,"16 Manley Pass, Dallas, TX",(214) 651-0786,124228351
ID000794,Howard Ford,"31553 5th Place, Richardson, TX",(972) 940-7458,980981968
ID000795,Tammy Fox,"29405 Hauk Road, Dallas, TX",(214) 997-3240,486259016
ID000796,Sarah Hicks,"38 Lighthouse Bay Pass, Plano, TX",(214) 901-9314,765536457
ID000797,Diana Montgomery,"2 Welch Parkway, Dallas, TX",(214) 603-6856,750876481
ID000798,Joan Boyd,"393 School Plaza, Dallas, TX",(469) 882-9965,796844632
ID000799,Barbara Simmons,"678 Barnett Point, Dallas, TX",(469) 415-7518,944129610
ID000800,Keith Carroll,"46912 Veith Place, Dallas, TX",(214) 821-2150,604148118
ID000801,Ruby Bryant,"0502 Dorton Place, Dallas, TX",(214) 583-2918,554707857
ID000802,Andrew Holmes,"87963 Darwin Plaza, Dallas, TX",(469) 993-5278,968078691
ID000803,Juan King,"3344 Schlimgen Point, Dallas, TX",(972) 823-3180,848011355
ID000804,Michael Warren,"1 Northwestern Road, Dallas, TX",(469) 912-0181,522567195
ID000805,Randy Wagner,"28585 Iowa Pass, Richardson, TX",(972) 981-8393,263496672
ID000806,Jose Kelly,"088 Cambridge Trail, Plano, TX",(972) 832-9963,916962811
ID000807,Peter Ford,"3 Boyd Point, Dallas, TX",(214) 978-2937,304185907
ID000808,Peter Edwards,"70349 Hallows Way, Richardson, TX",(214) 991-6626,381333107
ID000809,Louise Peters,"79475 Morrow Pass, Dallas, TX",(972) 902-4551,211110916
ID000810,Stephanie Perry,"08750 Forest Dale Road, Dallas, TX",(214) 899-9004,343230976
ID000811,Lawrence Adams,"38 Forster Terrace, Dallas, TX",(214) 925-8866,792444178
ID000812,Gregory Hansen,"419 Longview Trail, Plano, TX",(469) 899-8651,443862495
ID000813,Ralph Medina,"74 High Crossing Lane, Plano, TX",(469) 953-9007,797381593
ID000814,Joan Cooper,"52 Fremont Road, Dallas, TX",(972) 842-0287,223838666
ID000815,Karen George,"560 Menomonie Plaza, Dallas, TX",(469) 551-3026,732676734
ID000816,Theresa Cunningham,"8148 Florence Drive, Dallas, TX",(469) 861-6774,639561250
ID000817,Dennis Young,"378 Carberry Place, Dallas, TX",(214) 602-2841,506617033
ID000818,Joseph Castillo,"4 Surrey Park, Dallas, TX",(469) 916-0494,789558630
ID000819,Eugene Fisher,"977 Gina Junction, Dallas, TX",(972) 926-5775,100439457
ID000820,Elizabeth Medina,"044 Prentice Center, Plano, TX",(972) 969-7931,622930486
ID000821,Joyce Arnold,"48306 Moulton Plaza, Plano, TX",(972) 958-8893,236058310
ID000822,William Ramos,"20 Red Cloud Trail, Richardson, TX",(972) 950-2750,294259318
ID000823,Billy Reed,"2 Loftsgordon Alley, Dallas, TX",(972) 853-0282,317842700
ID000824,Scott Carr,"9 Memorial Place, Dallas, TX",(469) 979-5007,802257025
ID000825,Doris Carpenter,"55093 Bunting Pass, Dallas, TX",(972) 413-6984,713062568
ID000826,Aaron Kennedy,"51078 Fisk Parkway, Dallas, TX",(214) 900-5041,863244380
ID000827,Eugene George,"32186 Katie Park, Dallas, TX",(469) 642-7160,957882521
ID000828,Marilyn Washington,"7639 Northfield Park, Dallas, TX",(214) 531-0051,971597462
ID000829,Sara Patterson,"938 Vermont Crossing, Dallas, TX",(972) 871-5585,778112383
ID000830,Samuel Henry,"031 Hintze Terrace, Dallas, TX",(972) 825-3266,432345988
ID000831,Phillip Kennedy,"41 Leroy Center, Dallas, TX",(469) 995-0612,110875003
ID000832,Robin Welch,"4 Texas Trail, Dallas, TX",(972) 778-2143,862953192
ID000833,Rose Garrett,"2384 Carey Road, Plano, TX",(214) 860-5621,639001709
ID000834,Rebecca Meyer,"38 Nelson Lane, Plano, TX",(972) 936-2303,687267934
ID000835,Michelle Reid,"7 Sunbrook Circle, Dallas, TX",(469) 941-2469,648001339
ID000836,Judy Rice,"49031 Saint Paul Avenue, Dallas, TX",(469) 935-1827,362560347
ID000837,Kevin Carroll,"36 Jana Lane, Dallas, TX",(469) 964-0568,840088767
ID000838,Kathryn Owens,"664 Clemons Hill, Dallas, TX",(214) 812-2116,268142587
ID000839,Brian Elliott,"28 Graedel Hill, Dallas, TX",(972) 857-3817,211965010
ID000840,Keith Alvarez,"73423 Mallard Park, Dallas, TX",(972) 985-3882,704935430
ID000841,Christopher Hamilton,"42 Johnson Place, Plano, TX",(972) 756-5173,493280872
ID000842,Mildred Washington,"093 Reindahl Alley, Dallas, TX",(469) 863-5699,104872254
ID000843,Maria Patterson,"435 Mockingbird Road, Dallas, TX",(214) 689-4556,634960779
ID000844,Tammy Romero,"77652 Quincy Junction, Dallas, TX",(469) 653-5925,973880017
ID000845,Shirley Ellis,"74 Boyd Circle, Dallas, TX",(469) 920-2738,701063601
ID000846,Gerald Carter,"6829 Aberg Park, Dallas, TX",(214) 994-1903,948864146
ID000847,Sandra Diaz,"73631 Arapahoe Plaza, Dallas, TX",(214) 832-3930,405843532
ID000848,Joyce Miller,"2 Annamark Center, Dallas, TX",(972) 961-6545,648261008
ID000849,Edward Freeman,"415 Di Loreto Plaza, Plano, TX",(972) 989-4204,401787678
ID000850,Willie Griffin,"990 Moland Lane, Dallas, TX",(214) 928-8621,138670395
ID000851,Eugene Gibson,"11945 Delaware Trail, Dallas, TX",(972) 954-4027,576905231
ID000852,Beverly Carroll,"7263 Mariners Cove Park, Dallas, TX",(214) 917-7386,511597913
ID000853,Kevin Weaver,"9746 Springview Lane, Dallas, TX",(469) 942-2408,427262369
ID000854,Diana Collins,"00 Stoughton Pass, Dallas, TX",(972) 804-5134,981700822
ID000855,Melissa Cole,"405 Lukken Park, Dallas, TX",(972) 786-8554,842926012
ID000856,Willie Young,"4 Bowman Lane, Dallas, TX",(214) 928-4186,842482817
ID000857,Juan Nichols,"8095 Grover Point, Dallas, TX",(469) 804-3343,420415414
ID000858,Kevin Mason,"132 Huxley Street, Dallas, TX",(469) 973-8133,571346457
ID000859,Ronald Owens,"160 Forster Court, Plano, TX",(214) 986-1282,977497404
ID000860,Howard Mason,"725 Shelley Street, Dallas, TX",(972) 884-9005,625100221
ID000861,Scott Sullivan,"3 Dottie Way, Dallas, TX",(972) 881-9868,344023503
ID000862,Margaret Payne,"706 Spenser Drive, Plano, TX",(972) 760-0404,217529370
ID000863,Ashley Dixon,"07278 Arizona Road, Dallas, TX",(972) 818-9660,676283465
ID000864,Marilyn Vasquez,"85753 Sommers Parkway, Plano, TX",(214) 435-8942,927536184
ID000865,Amanda Olson,"2 Thompson Hill, Dallas, TX",(972) 979-2331,369132148
ID000866,Heather Fernandez,"18106 Beilfuss Way, Dallas, TX",(469) 854-7653,275697155
ID000867,Stephanie Diaz,"52331 Monica Drive, Dallas, TX",(214) 912-8213,993114983
ID000868,Roy Kelly,"7053 Old Gate Alley, Dallas, TX",(469) 974-8373,867837085
ID000869,Scott Chavez,"3 Kingsford Avenue, Dallas, TX",(469) 963-3427,466061410
ID000870,Donna Mitchell,"4741 Kenwood Junction, Dallas, TX",(214) 951-3865,632921297
ID000871,Louis Harris,"2747 Rieder Plaza, Dallas, TX",(214) 886-3021,585802785
ID000872,Henry Hansen,"2900 Surrey Street, Dallas, TX",(214) 964-2420,512233537
ID000873,Kathryn Porter,"53 Dapin Parkway, Dallas, TX",(972) 844-8439,772623065
ID000874,Anne Johnson,"20069 Melvin Center, Dallas, TX",(214) 975-6054,190887543
ID000875,Todd Taylor,"97238 Onsgard Trail, Dallas, TX",(214) 937-3241,329184164
ID000876,Julia Fernandez,"34619 Marcy Crossing, Dallas, TX",(972) 966-9920,654195151
ID000877,Craig Robinson,"30 Sutteridge Point, Dallas, TX",(469) 919-0979,591028727
ID000878,Nancy Shaw,"5834 Village Crossing, Dallas, TX",(214) 788-2516,299370401
ID000879,Lawrence Nichols,"6423 Roth Park, Dallas, TX",(214) 925-2580,939583158
ID000880,Jimmy Diaz,"0301 Oriole Lane, Dallas, TX",(469) 473-0533,170663784
ID000881,Bobby Mcdonald,"3 Scoville Drive, Dallas, TX",(972) 527-7603,740804320
ID000882,Jesse Cunningham,"790 Marquette Hill, Dallas, TX",(214) 936-7626,953634906
ID000883,Gregory Andrews,"361 Sachs Crossing, Dallas, TX",(214) 973-0715,200600963
ID000884,Tina Rogers,"79 Forest Dale Road, Dallas, TX",(469) 984-9258,499388289
ID000885,Henry Allen,"9 Pennsylvania Street, Dallas, TX",(972) 939-2237,312188191
ID000886,Carolyn Gordon,"6 Fuller Avenue, Richardson, TX",(469) 829-5466,215991270
ID000887,Louise Hudson,"04798 Loeprich Alley, Dallas, TX",(972) 955-8037,154271288
ID000888,John Vasquez,"52 Darwin Park, Dallas, TX",(469) 978-1123,772415591
ID000889,Kathryn Graham,"45 Everett Pass, Dallas, TX",(469) 921-3046,888061132
ID000890,Patricia Perkins,"0 Heffernan Drive, Dallas, TX",(972) 971-8654,992835801
ID000891,Henry Arnold,"47 Becker Lane, Plano, TX",(972) 470-2949,252884550
ID000892,Ruby Bishop,"5 International Point, Dallas, TX",(972) 944-4239,534519042
ID000893,Phyllis Dunn,"8316 Calypso Court, Dallas, TX",(214) 835-0529,292844463
ID000894,Louise Wood,"000 Mccormick Plaza, Dallas, TX",(972) 914-5297,144303599
ID000895,Tammy Shaw,"0 Carey Parkway, Richardson, TX",(214) 905-2378,895441229
ID000896,Eric Rivera,"466 Tony Circle, Dallas, TX",(972) 932-9658,955039519
ID000897,Joe Williams,"748 Schlimgen Avenue, Dallas, TX",(972) 852-8033,743940520
ID000898,Aaron Snyder,"1 American Ash Avenue, Dallas, TX",(214) 936-9743,140100901
ID000899,Louis Clark,"4284 Norway Maple Lane, Dallas, TX",(972) 872-7570,210062715
ID000900,Sarah Chavez,"3 Schmedeman Court, Dallas, TX",(972) 524-1820,357347649
ID000901,Robin Ellis,"67445 Dunning Lane, Richardson, TX",(972) 866-1973,427388763
ID000902,Jessica Davis,"12957 Independence Drive, Plano, TX",(972) 842-5888,315418687
ID000903,Lillian Stone,"919 Judy Way, Dallas, TX",(972) 851-2126,829971624
ID000904,Ruth Stanley,"1 Warrior Pass, Dallas, TX",(972) 911-0228,347889624
ID000905,Jesse Duncan,"7787 Haas Hill, Dallas, TX",(972) 683-9815,840391806
ID000906,Lori Hunter,"39 Swallow Place, Richardson, TX",(469) 642-4787,637534929
ID000907,Tammy Robinson,"0378 Longview Plaza, Dallas, TX",(469) 933-2520,136043559
ID000908,James Dunn,"2 Luster Hill, Dallas, TX",(214) 849-9192,713246764
ID000909,Earl White,"3645 Ramsey Place, Dallas, TX",(972) 936-8134,414662512
ID000910,Jeremy Rogers,"91121 Moulton Plaza, Plano, TX",(469) 842-8404,613216220
ID000911,Earl Chapman,"45 Moulton Junction, Dallas, TX",(972) 997-7819,733946852
ID000912,Dorothy Miller,"52 Hazelcrest Crossing, Dallas, TX",(214) 803-3680,606730914
ID000913,Anna Lopez,"49 3rd Terrace, Dallas, TX",(214) 959-4100,154973290
ID000914,Gary Fuller,"59 Macpherson Crossing, Dallas, TX",(214) 968-9302,369654229
ID000915,Angela Nguyen,"45542 Rutledge Avenue, Dallas, TX",(214) 978-0162,507572316
ID000916,Paula Frazier,"916 Maywood Court, Plano, TX",(214) 934-1206,325170156
ID000917,Daniel Johnson,"76702 Caliangt Circle, Dallas, TX",(469) 828-8109,866100944
ID000918,Raymond Burke,"3001 Corscot Drive, Dallas, TX",(469) 749-0551,650993347
ID000919,Anna Flores,"730 Vera Avenue, Dallas, TX",(214) 820-9633,417253686
ID000920,Kathleen Reed,"89 Tomscot Street, Dallas, TX",(214) 941-0107,128675708
ID000921,Linda Garcia,"1 Luster Street, Dallas, TX",(972) 910-1369,412580911
ID000922,Kevin Turner,"3034 Kipling Drive, Dallas, TX",(214) 835-8339,312562889
ID000923,Juan Dunn,"18 Oak Drive, Dallas, TX",(214) 857-0040,122170911
ID000924,Arthur Lane,"79797 Fieldstone Circle, Richardson, TX",(214) 848-0150,548702653
ID000925,Deborah Medina,"4 Cambridge Park, Dallas, TX",(972) 679-5235,922659466
ID000926,Lisa Castillo,"856 Mitchell Junction, Dallas, TX",(469) 996-6025,380746132
ID000927,Louis Rivera,"210 Sunfield Trail, Dallas, TX",(469) 940-0843,148763309
ID000928,Catherine Hunt,"241 Gulseth Crossing, Dallas, TX",(469) 929-6433,648419002
ID000929,Bobby Gomez,"53 Kipling Place, Richardson, TX",(469) 747-8105,253501861
ID000930,Johnny Jenkins,"6757 Buena Vista Park, Dallas, TX",(214) 711-0231,237321975
ID000931,Richard Sanchez,"6 Bonner Road, Dallas, TX",(214) 789-8437,304042180
ID000932,Fred Peterson,"723 Emmet Avenue, Dallas, TX",(214) 929-0915,416328500
ID000933,Gerald Jacobs,"539 Pond Point, Richardson, TX",(972) 929-5037,731412008
ID000934,Teresa Perry,"67 Porter Center, Dallas, TX",(469) 937-7720,680371075
ID000935,Joyce Watson,"033 Fieldstone Pass, Dallas, TX",(469) 976-1235,358571779
ID000936,Antonio Crawford,"94232 Hudson Drive, Dallas, TX",(469) 818-0847,399118418
ID000937,Shawn Hanson,"88 Prairieview Terrace, Dallas, TX",(469) 712-3956,263345944
ID000938,Sandra Hayes,"8 Morning Parkway, Dallas, TX",(972) 901-1242,871141691
ID000939,Jimmy Garrett,"43 Clyde Gallagher Terrace, Dallas, TX",(972) 984-4957,651258004
ID000940,Antonio Lawrence,"08482 Merry Alley, Dallas, TX",(972) 843-3635,484445282
ID000941,Marie Medina,"7338 Pierstorff Circle, Richardson, TX",(469) 810-7312,983140730
ID000942,Juan Allen,"5 Victoria Alley, Dallas, TX",(469) 979-2886,716921888
ID000943,Gerald Porter,"11934 Upham Point, Dallas, TX",(214) 706-8751,309243620
ID000944,Todd Brooks,"7838 Moland Plaza, Dallas, TX",(469) 781-0440,776604123
ID000945,Jean Rice,"48712 Mockingbird Road, Dallas, TX",(469) 935-5450,679767522
ID000946,Jack Day,"2107 Kipling Plaza, Dallas, TX",(214) 913-6444,729596353
ID000947,Amy Woods,"5 Shoshone Crossing, Dallas, TX",(469) 773-4866,628483788
ID000948,Raymond Greene,"55619 Surrey Plaza, Dallas, TX",(469) 983-7473,785132932
ID000949,Arthur Wright,"158 John Wall Street, Dallas, TX",(214) 941-5089,101978660
ID000950,Daniel Hunt,"13709 Mariners Cove Center, Richardson, TX",(972) 915-2723,946466223
ID000951,Julie Hamilton,"6209 Ludington Pass, Dallas, TX",(972) 812-7230,481286748
ID000952,Diana Garza,"83139 Warrior Parkway, Dallas, TX",(972) 872-4808,864595290
ID000953,Walter Cruz,"463 Hanover Junction, Dallas, TX",(972) 836-9111,370111197
ID000954,Mildred Ramirez,"7 Anderson Lane, Dallas, TX",(972) 826-9318,850059666
ID000955,Jean Gilbert,"769 Colorado Center, Dallas, TX",(469) 850-6077,475452130
ID000956,Frances Porter,"16 Farwell Park, Dallas, TX",(214) 958-6327,704230250
ID000957,Jane Carter,"746 East Court, Dallas, TX",(469) 859-2686,847547019
ID000958,Johnny Perry,"5091 Melrose Court, Dallas, TX",(469) 783-2541,316402743
ID000959,Donald Powell,"1901 Laurel Pass, Dallas, TX",(972) 917-5123,973447229
ID000960,Russell Morales,"6 Continental Hill, Dallas, TX",(469) 833-1681,597541860
ID000961,Earl Smith,"73 Towne Hill, Dallas, TX",(469) 919-5433,853028515
ID000962,Jane Phillips,"9 Northland Place, Dallas, TX",(469) 981-5694,961102631
ID000963,Ruby Black,"01580 Main Alley, Dallas, TX",(214) 839-6582,340382920
ID000964,Teresa Fernandez,"50 Arrowood Circle, Richardson, TX",(972) 918-7531,650369913
ID000965,Jacqueline Hamilton,"792 Burrows Lane, Dallas, TX",(972) 785-5033,940615781
ID000966,Anthony Elliott,"82 Harper Lane, Dallas, TX",(972) 942-6006,136336897
ID000967,Louise Henderson,"58 Southridge Way, Dallas, TX",(469) 897-6813,780323564
ID000968,Lillian Cruz,"1202 Nevada Crossing, Dallas, TX",(469) 577-0003,174470894
ID000969,David Davis,"6266 Debs Place, Dallas, TX",(214) 864-7187,235781401
ID000970,Janice Price,"269 Farragut Trail, Dallas, TX",(214) 941-9869,919558047
ID000971,Donald Palmer,"12 5th Junction, Richardson, TX",(469) 677-4531,687901452
ID000972,Donald Washington,"978 Moose Plaza, Dallas, TX",(972) 844-7608,535619932
ID000973,Jessica Jones,"37 Melrose Court, Richardson, TX",(972) 906-0660,328033548
ID000974,Amy Coleman,"2562 Pond Junction, Dallas, TX",(214) 954-7729,608660102
ID000975,Marie Ryan,"4287 Canary Center, Dallas, TX",(469) 924-4203,894171936
ID000976,Gloria Barnes,"149 Columbus Avenue, Dallas, TX",(214) 797-0275,882934808
ID000977,Charles Lawrence,"7 Randy Terrace, Dallas, TX",(972) 813-8851,328502075
ID000978,Patricia Hill,"2506 Ridgeway Drive, Richardson, TX",(469) 932-9594,179356366
ID000979,Ryan Young,"40252 Lyons Terrace, Dallas, TX",(214) 742-4030,223328250
ID000980,Willie Woods,"99 Sunbrook Circle, Dallas, TX",(214) 810-2688,504764400
ID000981,Cynthia Webb,"6016 Leroy Way, Dallas, TX",(214) 975-2196,131826807
ID000982,Joyce Cox,"5027 Meadow Vale Way, Richardson, TX",(972) 832-4867,470800995
ID000983,Debra Kim,"303 Bashford Road, Plano, TX",(469) 747-4090,210876619
ID000984,Louise Harrison,"13 American Ash Place, Richardson, TX",(214) 897-8864,757760049
ID000985,Douglas Day,"264 Packers Place, Dallas, TX",(469) 868-2443,641176232
ID000986,Jane Hughes,"05 Tony Junction, Dallas, TX",(972) 963-9605,690306386
ID000987,Joan Wagner,"76837 Heath Trail, Dallas, TX",(972) 841-3593,405007979
ID000988,Joyce Gibson,"0605 Old Shore Avenue, Dallas, TX",(469) 840-4916,697505730
ID000989,Paula Harrison,"7 Swallow Pass, Dallas, TX",(469) 622-5174,659023329
ID000990,Bobby Dunn,"785 Graedel Place, Plano, TX",(972) 923-3432,647369732
ID000991,Bonnie Ross,"81741 Hallows Plaza, Dallas, TX",(214) 930-4665,659275045
ID000992,Dennis Wheeler,"8321 Mendota Crossing, Dallas, TX",(214) 932-7040,923612260
ID000993,Jason Gutierrez,"7 Pearson Way, Dallas, TX",(972) 990-8290,646301413
ID000994,Diana Spencer,"467 Menomonie Alley, Richardson, TX",(972) 850-9653,968117539
ID000995,Jessica Thompson,"73 Mandrake Center, Dallas, TX",(972) 728-3395,784776035
ID000996,Sean Pierce,"07 Laurel Park, Dallas, TX",(469) 987-3050,468324617
ID000997,Alan Stewart,"74154 Drewry Street, Dallas, TX",(469) 944-5061,647495762
ID000998,Janice Robinson,"7791 Maple Hill, Dallas, TX",(972) 855-6553,345589435
ID000999,Barbara Carroll,"5989 4th Avenue, Dallas, TX",(214) 999-2405,504575850
ID001000,Lori Mccoy,"71 Evergreen Crossing, Dallas, TX",(972) 975-7324,362546087
